"subject"	"rt"	"r"	"g"	"b"	"stimuli"	"r_s"	"g_s"	"b_s"	"h_s"	"s_s"	"v_s"
1	51924	255	174	180	"blue"	0	0	255	4.18879020478639	1	1
1	16014	255	139	237	"green"	0	255	0	2.0943951023932	1	1
1	10413	160	74	255	"yellow"	255	255	0	1.0471975511966	1	1
1	14407	186	93	255	"yellow"	255	255	0	1.0471975511966	1	1
1	32325	82	168	255	"red"	255	0	0	0	1	1
1	33150	39	180	255	"magenta"	255	0	255	5.23598775598299	1	1
1	21518	61	194	255	"red"	255	0	0	0	1	1
1	29325	144	144	144	"cyan"	0	255	255	3.14159265358979	1	1
1	41637	0	161	144	"magenta"	255	0	255	5.23598775598299	1	1
1	15830	255	185	175	"blue"	0	0	255	4.18879020478639	1	1
1	16871	255	142	149	"cyan"	0	255	255	3.14159265358979	1	1
1	13238	255	183	162	"blue"	0	0	255	4.18879020478639	1	1
1	11396	142	255	158	"magenta"	255	0	255	5.23598775598299	1	1
1	19406	118	255	239	"red"	255	0	0	0	1	1
1	21837	193	85	255	"green"	0	255	0	2.0943951023932	1	1
1	18109	158	81	255	"yellow"	255	255	0	1.0471975511966	1	1
1	11496	165	39	255	"green"	0	255	0	2.0943951023932	1	1
1	38501	229	143	255	"cyan"	0	255	255	3.14159265358979	1	1
1	8406	255	159	164	"blue"	0	0	255	4.18879020478639	1	1
2	20168	255	94	211	"yellow"	255	255	0	1.0471975511966	1	1
2	12292	105	212	255	"red"	255	0	0	0	1	1
2	10921	190	109	255	"yellow"	255	255	0	1.0471975511966	1	1
2	9394	173	94	255	"yellow"	255	255	0	1.0471975511966	1	1
2	15946	179	61	255	"cyan"	0	255	255	3.14159265358979	1	1
2	8664	255	165	151	"blue"	0	0	255	4.18879020478639	1	1
2	9681	141	255	120	"magenta"	255	0	255	5.23598775598299	1	1
2	11641	131	193	255	"red"	255	0	0	0	1	1
2	9297	255	201	174	"blue"	0	0	255	4.18879020478639	1	1
2	5650	255	130	137	"cyan"	0	255	255	3.14159265358979	1	1
2	9326	255	155	244	"green"	0	255	0	2.0943951023932	1	1
2	7841	122	164	255	"red"	255	0	0	0	1	1
2	14521	108	255	110	"magenta"	255	0	255	5.23598775598299	1	1
2	11601	108	255	125	"magenta"	255	0	255	5.23598775598299	1	1
2	5057	181	135	255	"green"	0	255	0	2.0943951023932	1	1
2	9009	239	173	255	"green"	0	255	0	2.0943951023932	1	1
2	7321	255	121	157	"cyan"	0	255	255	3.14159265358979	1	1
2	10912	255	180	159	"blue"	0	0	255	4.18879020478639	1	1
2	6760	171	116	255	"yellow"	255	255	0	1.0471975511966	1	1
3	22297	222	116	255	"green"	0	255	0	2.0943951023932	1	1
3	11354	124	81	255	"yellow"	255	255	0	1.0471975511966	1	1
3	25049	92	0	41	"cyan"	0	255	255	3.14159265358979	1	1
3	14266	10	117	0	"magenta"	255	0	255	5.23598775598299	1	1
3	4202	255	155	112	"blue"	0	0	255	4.18879020478639	1	1
3	4194	207	46	255	"green"	0	255	0	2.0943951023932	1	1
3	3578	255	151	137	"blue"	0	0	255	4.18879020478639	1	1
3	8582	0	150	43	"magenta"	255	0	255	5.23598775598299	1	1
3	4882	0	143	39	"magenta"	255	0	255	5.23598775598299	1	1
3	12569	0	182	162	"red"	255	0	0	0	1	1
3	7965	0	149	211	"red"	255	0	0	0	1	1
3	9290	147	147	147	"cyan"	0	255	255	3.14159265358979	1	1
3	6914	0	191	252	"red"	255	0	0	0	1	1
3	10210	113	96	255	"yellow"	255	255	0	1.0471975511966	1	1
3	15001	137	137	137	"cyan"	0	255	255	3.14159265358979	1	1
3	7015	172	69	255	"green"	0	255	0	2.0943951023932	1	1
3	8738	147	112	255	"yellow"	255	255	0	1.0471975511966	1	1
3	4788	255	191	177	"blue"	0	0	255	4.18879020478639	1	1
3	17985	151	0	142	"green"	0	255	0	2.0943951023932	1	1
4	42133	148	40	255	"yellow"	255	255	0	1.0471975511966	1	1
4	12575	142	0	230	"green"	0	255	0	2.0943951023932	1	1
4	10822	132	0	252	"yellow"	255	255	0	1.0471975511966	1	1
4	11038	0	160	191	"red"	255	0	0	0	1	1
4	33077	0	194	101	"magenta"	255	0	255	5.23598775598299	1	1
4	17275	148	80	255	"yellow"	255	255	0	1.0471975511966	1	1
4	26750	255	160	159	"blue"	0	0	255	4.18879020478639	1	1
4	20662	172	27	255	"green"	0	255	0	2.0943951023932	1	1
4	15070	9	248	255	"red"	255	0	0	0	1	1
4	32766	177	104	255	"cyan"	0	255	255	3.14159265358979	1	1
4	18878	0	153	80	"magenta"	255	0	255	5.23598775598299	1	1
4	71844	122	72	0	"cyan"	0	255	255	3.14159265358979	1	1
4	17271	130	0	248	"green"	0	255	0	2.0943951023932	1	1
4	16886	255	179	185	"blue"	0	0	255	4.18879020478639	1	1
4	36574	255	137	96	"cyan"	0	255	255	3.14159265358979	1	1
4	5438	46	125	255	"red"	255	0	0	0	1	1
4	10982	0	142	118	"magenta"	255	0	255	5.23598775598299	1	1
4	6729	122	54	255	"yellow"	255	255	0	1.0471975511966	1	1
4	10831	255	203	167	"blue"	0	0	255	4.18879020478639	1	1
5	6858	255	125	133	"blue"	0	0	255	4.18879020478639	1	1
5	9425	255	101	163	"cyan"	0	255	255	3.14159265358979	1	1
5	3778	179	88	255	"yellow"	255	255	0	1.0471975511966	1	1
5	11818	208	94	255	"cyan"	0	255	255	3.14159265358979	1	1
5	6644	128	109	255	"red"	255	0	0	0	1	1
5	6434	103	82	255	"red"	255	0	0	0	1	1
5	11162	20	255	147	"magenta"	255	0	255	5.23598775598299	1	1
5	10113	255	213	166	"blue"	0	0	255	4.18879020478639	1	1
5	9057	0	220	206	"magenta"	255	0	255	5.23598775598299	1	1
5	9233	140	37	255	"yellow"	255	255	0	1.0471975511966	1	1
5	7227	0	199	164	"magenta"	255	0	255	5.23598775598299	1	1
5	4611	82	131	255	"red"	255	0	0	0	1	1
5	8848	255	183	151	"blue"	0	0	255	4.18879020478639	1	1
5	7563	165	97	255	"yellow"	255	255	0	1.0471975511966	1	1
5	9425	181	112	255	"green"	0	255	0	2.0943951023932	1	1
5	12560	191	57	255	"cyan"	0	255	255	3.14159265358979	1	1
5	8002	196	106	255	"green"	0	255	0	2.0943951023932	1	1
5	3026	192	98	255	"green"	0	255	0	2.0943951023932	1	1
5	3899	209	77	255	"green"	0	255	0	2.0943951023932	1	1
6	19705	220	69	0	"blue"	0	0	255	4.18879020478639	1	1
6	27200	255	120	124	"cyan"	0	255	255	3.14159265358979	1	1
6	21097	233	133	255	"green"	0	255	0	2.0943951023932	1	1
6	16745	135	199	255	"red"	255	0	0	0	1	1
6	21489	0	173	136	"magenta"	255	0	255	5.23598775598299	1	1
6	6722	0	174	121	"magenta"	255	0	255	5.23598775598299	1	1
6	9138	136	78	255	"green"	0	255	0	2.0943951023932	1	1
6	24480	195	174	255	"cyan"	0	255	255	3.14159265358979	1	1
6	14920	171	134	255	"yellow"	255	255	0	1.0471975511966	1	1
6	18665	11	175	255	"red"	255	0	0	0	1	1
6	13695	152	114	255	"green"	0	255	0	2.0943951023932	1	1
6	17425	0	185	117	"magenta"	255	0	255	5.23598775598299	1	1
6	13938	126	137	255	"yellow"	255	255	0	1.0471975511966	1	1
6	17112	147	134	255	"yellow"	255	255	0	1.0471975511966	1	1
6	16625	11	160	255	"red"	255	0	0	0	1	1
6	19155	194	217	255	"blue"	0	0	255	4.18879020478639	1	1
6	13057	255	215	216	"blue"	0	0	255	4.18879020478639	1	1
6	8773	255	207	195	"blue"	0	0	255	4.18879020478639	1	1
6	14208	146	146	146	"cyan"	0	255	255	3.14159265358979	1	1
7	11933	167	0	246	"yellow"	255	255	0	1.0471975511966	1	1
7	4671	255	174	130	"blue"	0	0	255	4.18879020478639	1	1
7	8255	255	113	81	"cyan"	0	255	255	3.14159265358979	1	1
7	14566	0	186	68	"magenta"	255	0	255	5.23598775598299	1	1
7	13047	131	201	255	"red"	255	0	0	0	1	1
7	23278	0	191	129	"magenta"	255	0	255	5.23598775598299	1	1
7	8326	255	195	158	"blue"	0	0	255	4.18879020478639	1	1
7	11894	188	76	255	"green"	0	255	0	2.0943951023932	1	1
7	9246	255	166	147	"blue"	0	0	255	4.18879020478639	1	1
7	18087	220	139	255	"green"	0	255	0	2.0943951023932	1	1
7	23998	165	217	255	"red"	255	0	0	0	1	1
7	9924	188	121	255	"green"	0	255	0	2.0943951023932	1	1
7	11262	191	84	255	"yellow"	255	255	0	1.0471975511966	1	1
7	24214	147	203	255	"red"	255	0	0	0	1	1
7	23206	181	162	255	"yellow"	255	255	0	1.0471975511966	1	1
7	9923	128	128	128	"cyan"	0	255	255	3.14159265358979	1	1
7	12991	180	90	255	"yellow"	255	255	0	1.0471975511966	1	1
7	9503	142	142	142	"cyan"	0	255	255	3.14159265358979	1	1
7	11278	0	163	122	"magenta"	255	0	255	5.23598775598299	1	1
8	20978	255	156	112	"cyan"	0	255	255	3.14159265358979	1	1
8	6937	255	127	116	"cyan"	0	255	255	3.14159265358979	1	1
8	5634	86	255	138	"magenta"	255	0	255	5.23598775598299	1	1
8	3122	166	52	255	"green"	0	255	0	2.0943951023932	1	1
8	4723	166	150	255	"yellow"	255	255	0	1.0471975511966	1	1
8	6827	15	255	150	"magenta"	255	0	255	5.23598775598299	1	1
8	6386	255	158	97	"blue"	0	0	255	4.18879020478639	1	1
8	6501	194	114	255	"yellow"	255	255	0	1.0471975511966	1	1
8	7946	193	162	255	"cyan"	0	255	255	3.14159265358979	1	1
8	8498	255	154	108	"blue"	0	0	255	4.18879020478639	1	1
8	7418	255	156	92	"blue"	0	0	255	4.18879020478639	1	1
8	5227	140	105	255	"red"	255	0	0	0	1	1
8	4586	86	143	255	"red"	255	0	0	0	1	1
8	4919	139	118	255	"yellow"	255	255	0	1.0471975511966	1	1
8	8338	124	154	255	"red"	255	0	0	0	1	1
8	3322	166	138	255	"green"	0	255	0	2.0943951023932	1	1
8	9282	108	255	160	"magenta"	255	0	255	5.23598775598299	1	1
8	4818	170	104	255	"green"	0	255	0	2.0943951023932	1	1
8	5105	193	169	255	"cyan"	0	255	255	3.14159265358979	1	1
9	14350	255	192	158	"blue"	0	0	255	4.18879020478639	1	1
9	7542	0	214	129	"magenta"	255	0	255	5.23598775598299	1	1
9	6846	176	24	255	"green"	0	255	0	2.0943951023932	1	1
9	5566	85	0	203	"yellow"	255	255	0	1.0471975511966	1	1
9	10790	118	0	72	"cyan"	0	255	255	3.14159265358979	1	1
9	4838	0	148	190	"red"	255	0	0	0	1	1
9	4886	0	142	124	"magenta"	255	0	255	5.23598775598299	1	1
9	16366	255	197	126	"blue"	0	0	255	4.18879020478639	1	1
9	12647	135	24	255	"green"	0	255	0	2.0943951023932	1	1
9	7366	0	171	202	"red"	255	0	0	0	1	1
9	3294	0	152	173	"red"	255	0	0	0	1	1
9	6134	147	147	147	"cyan"	0	255	255	3.14159265358979	1	1
9	14581	0	126	93	"magenta"	255	0	255	5.23598775598299	1	1
9	14286	255	200	143	"blue"	0	0	255	4.18879020478639	1	1
9	12886	129	12	255	"yellow"	255	255	0	1.0471975511966	1	1
9	7614	255	172	162	"blue"	0	0	255	4.18879020478639	1	1
9	10390	144	96	255	"yellow"	255	255	0	1.0471975511966	1	1
9	8877	159	0	158	"green"	0	255	0	2.0943951023932	1	1
9	5997	124	0	66	"cyan"	0	255	255	3.14159265358979	1	1
10	16561	209	187	255	"yellow"	255	255	0	1.0471975511966	1	1
10	16817	230	157	255	"yellow"	255	255	0	1.0471975511966	1	1
10	2532	212	69	255	"green"	0	255	0	2.0943951023932	1	1
10	10730	143	143	143	"blue"	0	0	255	4.18879020478639	1	1
10	4802	140	140	140	"magenta"	255	0	255	5.23598775598299	1	1
10	12698	146	255	101	"magenta"	255	0	255	5.23598775598299	1	1
10	9208	186	108	255	"yellow"	255	255	0	1.0471975511966	1	1
10	9794	0	171	17	"magenta"	255	0	255	5.23598775598299	1	1
10	7321	89	197	255	"red"	255	0	0	0	1	1
10	4217	70	151	255	"red"	255	0	0	0	1	1
10	3378	88	187	255	"red"	255	0	0	0	1	1
10	10674	150	150	150	"blue"	0	0	255	4.18879020478639	1	1
10	8650	145	145	145	"cyan"	0	255	255	3.14159265358979	1	1
10	10290	230	135	255	"green"	0	255	0	2.0943951023932	1	1
10	5394	197	105	255	"green"	0	255	0	2.0943951023932	1	1
10	5641	145	94	255	"yellow"	255	255	0	1.0471975511966	1	1
10	6578	145	145	145	"cyan"	0	255	255	3.14159265358979	1	1
10	4282	145	145	145	"cyan"	0	255	255	3.14159265358979	1	1
10	6274	151	151	151	"blue"	0	0	255	4.18879020478639	1	1
11	17917	93	194	255	"red"	255	0	0	0	1	1
11	5573	155	109	255	"yellow"	255	255	0	1.0471975511966	1	1
11	9614	255	122	105	"blue"	0	0	255	4.18879020478639	1	1
11	6278	137	0	247	"yellow"	255	255	0	1.0471975511966	1	1
11	5421	35	158	255	"red"	255	0	0	0	1	1
11	4214	0	236	165	"magenta"	255	0	255	5.23598775598299	1	1
11	11302	245	93	255	"cyan"	0	255	255	3.14159265358979	1	1
11	9550	197	86	255	"green"	0	255	0	2.0943951023932	1	1
11	4222	159	0	215	"green"	0	255	0	2.0943951023932	1	1
11	3028	211	117	255	"cyan"	0	255	255	3.14159265358979	1	1
11	5478	37	255	158	"magenta"	255	0	255	5.23598775598299	1	1
11	4919	0	171	218	"red"	255	0	0	0	1	1
11	3879	0	215	110	"magenta"	255	0	255	5.23598775598299	1	1
11	6678	70	0	153	"yellow"	255	255	0	1.0471975511966	1	1
11	6199	146	44	255	"green"	0	255	0	2.0943951023932	1	1
11	9165	255	141	196	"blue"	0	0	255	4.18879020478639	1	1
11	5518	255	146	192	"cyan"	0	255	255	3.14159265358979	1	1
11	10366	255	153	162	"blue"	0	0	255	4.18879020478639	1	1
11	10453	110	169	255	"red"	255	0	0	0	1	1
12	10778	186	0	186	"green"	0	255	0	2.0943951023932	1	1
12	9914	255	121	73	"blue"	0	0	255	4.18879020478639	1	1
12	5482	8	141	255	"red"	255	0	0	0	1	1
12	9489	255	161	56	"blue"	0	0	255	4.18879020478639	1	1
12	6282	0	220	163	"magenta"	255	0	255	5.23598775598299	1	1
12	10250	96	157	0	"magenta"	255	0	255	5.23598775598299	1	1
12	9154	255	158	78	"cyan"	0	255	255	3.14159265358979	1	1
12	3874	53	187	255	"red"	255	0	0	0	1	1
12	11465	42	102	255	"yellow"	255	255	0	1.0471975511966	1	1
12	11921	162	120	255	"cyan"	0	255	255	3.14159265358979	1	1
12	9075	149	130	255	"yellow"	255	255	0	1.0471975511966	1	1
12	7810	140	89	255	"yellow"	255	255	0	1.0471975511966	1	1
12	17817	0	248	140	"magenta"	255	0	255	5.23598775598299	1	1
12	5478	39	198	255	"red"	255	0	0	0	1	1
12	4573	151	66	255	"green"	0	255	0	2.0943951023932	1	1
12	10578	255	173	117	"blue"	0	0	255	4.18879020478639	1	1
12	8723	171	80	255	"green"	0	255	0	2.0943951023932	1	1
12	5338	171	48	255	"green"	0	255	0	2.0943951023932	1	1
12	11433	165	128	255	"cyan"	0	255	255	3.14159265358979	1	1
13	20014	140	140	140	"magenta"	255	0	255	5.23598775598299	1	1
13	9558	181	0	175	"cyan"	0	255	255	3.14159265358979	1	1
13	3647	0	107	202	"red"	255	0	0	0	1	1
13	6398	0	185	146	"magenta"	255	0	255	5.23598775598299	1	1
13	3910	255	161	138	"blue"	0	0	255	4.18879020478639	1	1
13	9918	141	0	18	"cyan"	0	255	255	3.14159265358979	1	1
13	6142	114	0	214	"yellow"	255	255	0	1.0471975511966	1	1
13	6046	109	0	110	"green"	0	255	0	2.0943951023932	1	1
13	10317	171	0	133	"blue"	0	0	255	4.18879020478639	1	1
13	4495	33	160	255	"red"	255	0	0	0	1	1
13	3542	66	0	149	"yellow"	255	255	0	1.0471975511966	1	1
13	7669	94	0	181	"green"	0	255	0	2.0943951023932	1	1
13	4223	255	147	174	"blue"	0	0	255	4.18879020478639	1	1
13	7582	148	0	175	"green"	0	255	0	2.0943951023932	1	1
13	3583	0	125	126	"magenta"	255	0	255	5.23598775598299	1	1
13	7839	149	0	69	"cyan"	0	255	255	3.14159265358979	1	1
13	2399	0	140	195	"red"	255	0	0	0	1	1
13	5574	96	0	177	"yellow"	255	255	0	1.0471975511966	1	1
13	4806	0	139	137	"magenta"	255	0	255	5.23598775598299	1	1
14	42260	0	222	22	"green"	0	255	0	2.0943951023932	1	1
14	7550	0	32	147	"blue"	0	0	255	4.18879020478639	1	1
14	15086	117	241	255	"cyan"	0	255	255	3.14159265358979	1	1
14	14910	255	206	17	"yellow"	255	255	0	1.0471975511966	1	1
14	11430	255	49	7	"red"	255	0	0	0	1	1
14	16558	255	223	100	"yellow"	255	255	0	1.0471975511966	1	1
14	10229	22	89	0	"magenta"	255	0	255	5.23598775598299	1	1
14	15054	35	110	255	"red"	255	0	0	0	1	1
14	11838	133	0	58	"cyan"	0	255	255	3.14159265358979	1	1
14	21909	191	105	0	"blue"	0	0	255	4.18879020478639	1	1
14	15662	86	0	93	"yellow"	255	255	0	1.0471975511966	1	1
14	9438	20	154	255	"red"	255	0	0	0	1	1
14	27196	224	131	0	"blue"	0	0	255	4.18879020478639	1	1
14	20069	153	0	147	"green"	0	255	0	2.0943951023932	1	1
14	13037	0	108	57	"magenta"	255	0	255	5.23598775598299	1	1
14	13318	0	129	71	"magenta"	255	0	255	5.23598775598299	1	1
14	5687	144	0	187	"green"	0	255	0	2.0943951023932	1	1
14	19149	74	0	88	"green"	0	255	0	2.0943951023932	1	1
14	24813	92	0	48	"cyan"	0	255	255	3.14159265358979	1	1
15	60757	98	220	255	"cyan"	0	255	255	3.14159265358979	1	1
15	4754	255	84	245	"green"	0	255	0	2.0943951023932	1	1
15	9682	25	223	255	"red"	255	0	0	0	1	1
15	11538	132	92	255	"green"	0	255	0	2.0943951023932	1	1
15	12506	255	176	161	"blue"	0	0	255	4.18879020478639	1	1
15	7058	255	161	155	"blue"	0	0	255	4.18879020478639	1	1
15	6794	104	117	255	"red"	255	0	0	0	1	1
15	11545	132	50	255	"yellow"	255	255	0	1.0471975511966	1	1
15	7362	124	20	255	"yellow"	255	255	0	1.0471975511966	1	1
15	12961	255	159	150	"blue"	0	0	255	4.18879020478639	1	1
15	11954	144	96	255	"yellow"	255	255	0	1.0471975511966	1	1
15	11306	207	120	255	"cyan"	0	255	255	3.14159265358979	1	1
15	7665	0	223	128	"magenta"	255	0	255	5.23598775598299	1	1
15	14817	0	179	105	"magenta"	255	0	255	5.23598775598299	1	1
15	11217	132	64	255	"green"	0	255	0	2.0943951023932	1	1
15	5106	152	0	235	"cyan"	0	255	255	3.14159265358979	1	1
15	7978	0	189	116	"magenta"	255	0	255	5.23598775598299	1	1
15	3698	0	161	222	"red"	255	0	0	0	1	1
15	3162	0	123	220	"cyan"	0	255	255	3.14159265358979	1	1
16	47485	255	172	155	"blue"	0	0	255	4.18879020478639	1	1
16	10237	183	24	255	"yellow"	255	255	0	1.0471975511966	1	1
16	12197	0	189	89	"magenta"	255	0	255	5.23598775598299	1	1
16	8838	174	56	255	"yellow"	255	255	0	1.0471975511966	1	1
16	9013	62	192	255	"red"	255	0	0	0	1	1
16	10286	0	185	121	"magenta"	255	0	255	5.23598775598299	1	1
16	7006	96	187	255	"red"	255	0	0	0	1	1
16	8543	150	56	255	"green"	0	255	0	2.0943951023932	1	1
16	9759	135	88	255	"yellow"	255	255	0	1.0471975511966	1	1
16	20733	255	161	172	"cyan"	0	255	255	3.14159265358979	1	1
16	13702	255	154	165	"cyan"	0	255	255	3.14159265358979	1	1
16	13364	255	194	167	"blue"	0	0	255	4.18879020478639	1	1
16	5982	191	64	255	"green"	0	255	0	2.0943951023932	1	1
16	12373	177	85	255	"green"	0	255	0	2.0943951023932	1	1
16	22167	52	125	0	"magenta"	255	0	255	5.23598775598299	1	1
16	10997	255	184	147	"cyan"	0	255	255	3.14159265358979	1	1
16	10430	255	188	185	"blue"	0	0	255	4.18879020478639	1	1
16	13342	98	236	255	"red"	255	0	0	0	1	1
16	13246	255	186	167	"blue"	0	0	255	4.18879020478639	1	1
17	37233	255	172	143	"blue"	0	0	255	4.18879020478639	1	1
17	23625	255	201	175	"blue"	0	0	255	4.18879020478639	1	1
17	16210	184	255	149	"magenta"	255	0	255	5.23598775598299	1	1
17	11658	247	161	255	"cyan"	0	255	255	3.14159265358979	1	1
17	12693	135	255	128	"magenta"	255	0	255	5.23598775598299	1	1
17	15945	35	199	255	"red"	255	0	0	0	1	1
17	12490	178	135	255	"yellow"	255	255	0	1.0471975511966	1	1
17	3839	0	166	189	"red"	255	0	0	0	1	1
17	13185	191	147	255	"green"	0	255	0	2.0943951023932	1	1
17	5914	145	104	255	"green"	0	255	0	2.0943951023932	1	1
17	7154	152	118	255	"yellow"	255	255	0	1.0471975511966	1	1
17	7937	167	126	255	"yellow"	255	255	0	1.0471975511966	1	1
17	5003	173	78	255	"green"	0	255	0	2.0943951023932	1	1
17	9978	255	195	216	"blue"	0	0	255	4.18879020478639	1	1
17	8905	255	157	178	"cyan"	0	255	255	3.14159265358979	1	1
17	16682	145	255	226	"red"	255	0	0	0	1	1
17	9266	151	255	166	"magenta"	255	0	255	5.23598775598299	1	1
17	6377	255	203	173	"blue"	0	0	255	4.18879020478639	1	1
17	9122	255	211	222	"cyan"	0	255	255	3.14159265358979	1	1
18	64614	144	21	255	"green"	0	255	0	2.0943951023932	1	1
18	8875	74	116	255	"red"	255	0	0	0	1	1
18	10494	0	94	89	"magenta"	255	0	255	5.23598775598299	1	1
18	9798	255	213	209	"blue"	0	0	255	4.18879020478639	1	1
18	5396	255	207	171	"blue"	0	0	255	4.18879020478639	1	1
18	6990	118	118	118	"red"	255	0	0	0	1	1
18	8669	0	118	118	"magenta"	255	0	255	5.23598775598299	1	1
18	4751	123	123	123	"yellow"	255	255	0	1.0471975511966	1	1
18	3943	255	199	208	"blue"	0	0	255	4.18879020478639	1	1
18	5550	255	215	234	"cyan"	0	255	255	3.14159265358979	1	1
18	10782	249	207	255	"cyan"	0	255	255	3.14159265358979	1	1
18	3871	186	126	255	"yellow"	255	255	0	1.0471975511966	1	1
18	3054	195	94	255	"green"	0	255	0	2.0943951023932	1	1
18	3127	191	126	255	"yellow"	255	255	0	1.0471975511966	1	1
18	2814	96	147	255	"red"	255	0	0	0	1	1
18	4278	104	104	104	"cyan"	0	255	255	3.14159265358979	1	1
18	4766	171	105	255	"green"	0	255	0	2.0943951023932	1	1
18	3479	0	117	109	"magenta"	255	0	255	5.23598775598299	1	1
18	3862	113	81	255	"green"	0	255	0	2.0943951023932	1	1
19	18022	255	192	173	"blue"	0	0	255	4.18879020478639	1	1
19	4559	113	0	167	"yellow"	255	255	0	1.0471975511966	1	1
19	6335	0	155	92	"magenta"	255	0	255	5.23598775598299	1	1
19	10423	0	171	230	"red"	255	0	0	0	1	1
19	5919	0	197	161	"magenta"	255	0	255	5.23598775598299	1	1
19	4311	16	219	255	"red"	255	0	0	0	1	1
19	8071	255	205	138	"blue"	0	0	255	4.18879020478639	1	1
19	4335	144	12	255	"yellow"	255	255	0	1.0471975511966	1	1
19	4135	0	180	238	"red"	255	0	0	0	1	1
19	3391	109	108	255	"yellow"	255	255	0	1.0471975511966	1	1
19	14246	31	30	0	"cyan"	0	255	255	3.14159265358979	1	1
19	6070	255	168	126	"blue"	0	0	255	4.18879020478639	1	1
19	5206	113	0	150	"green"	0	255	0	2.0943951023932	1	1
19	3718	143	0	177	"green"	0	255	0	2.0943951023932	1	1
19	6422	65	0	61	"cyan"	0	255	255	3.14159265358979	1	1
19	12799	100	0	49	"cyan"	0	255	255	3.14159265358979	1	1
19	5413	184	35	255	"green"	0	255	0	2.0943951023932	1	1
19	9271	0	120	19	"magenta"	255	0	255	5.23598775598299	1	1
19	8678	255	192	177	"blue"	0	0	255	4.18879020478639	1	1
20	30293	209	129	255	"green"	0	255	0	2.0943951023932	1	1
20	9351	255	136	68	"blue"	0	0	255	4.18879020478639	1	1
20	8991	0	155	238	"red"	255	0	0	0	1	1
20	5367	0	171	96	"magenta"	255	0	255	5.23598775598299	1	1
20	9743	255	221	182	"blue"	0	0	255	4.18879020478639	1	1
20	9239	143	0	254	"yellow"	255	255	0	1.0471975511966	1	1
20	21654	0	174	94	"magenta"	255	0	255	5.23598775598299	1	1
20	7150	121	89	255	"yellow"	255	255	0	1.0471975511966	1	1
20	14062	0	140	169	"red"	255	0	0	0	1	1
20	9798	0	179	206	"red"	255	0	0	0	1	1
20	9423	0	147	118	"magenta"	255	0	255	5.23598775598299	1	1
20	19670	117	0	232	"green"	0	255	0	2.0943951023932	1	1
20	9293	162	129	255	"yellow"	255	255	0	1.0471975511966	1	1
20	10206	139	0	174	"green"	0	255	0	2.0943951023932	1	1
20	9142	144	23	255	"green"	0	255	0	2.0943951023932	1	1
20	4527	255	174	165	"blue"	0	0	255	4.18879020478639	1	1
20	7998	255	181	183	"cyan"	0	255	255	3.14159265358979	1	1
20	12158	255	168	150	"cyan"	0	255	255	3.14159265358979	1	1
20	30573	255	213	240	"cyan"	0	255	255	3.14159265358979	1	1
21	31604	159	0	185	"green"	0	255	0	2.0943951023932	1	1
21	18569	0	129	96	"magenta"	255	0	255	5.23598775598299	1	1
21	6730	0	124	82	"magenta"	255	0	255	5.23598775598299	1	1
21	13561	142	41	255	"yellow"	255	255	0	1.0471975511966	1	1
21	9794	169	52	255	"cyan"	0	255	255	3.14159265358979	1	1
21	8995	184	19	255	"green"	0	255	0	2.0943951023932	1	1
21	7035	0	151	191	"red"	255	0	0	0	1	1
21	6890	143	58	255	"yellow"	255	255	0	1.0471975511966	1	1
21	11018	142	0	235	"yellow"	255	255	0	1.0471975511966	1	1
21	11705	176	49	255	"cyan"	0	255	255	3.14159265358979	1	1
21	13372	208	105	255	"cyan"	0	255	255	3.14159265358979	1	1
21	5418	175	0	243	"green"	0	255	0	2.0943951023932	1	1
21	17726	0	129	106	"magenta"	255	0	255	5.23598775598299	1	1
21	12114	9	167	255	"red"	255	0	0	0	1	1
21	9414	255	169	202	"blue"	0	0	255	4.18879020478639	1	1
21	19209	74	190	255	"red"	255	0	0	0	1	1
21	5962	170	76	255	"green"	0	255	0	2.0943951023932	1	1
21	13178	248	198	255	"blue"	0	0	255	4.18879020478639	1	1
21	9281	255	158	161	"blue"	0	0	255	4.18879020478639	1	1
22	31849	0	174	189	"red"	255	0	0	0	1	1
22	10321	255	152	85	"blue"	0	0	255	4.18879020478639	1	1
22	3698	165	57	255	"yellow"	255	255	0	1.0471975511966	1	1
22	3435	189	49	255	"green"	0	255	0	2.0943951023932	1	1
22	5354	24	255	180	"magenta"	255	0	255	5.23598775598299	1	1
22	7882	1	255	160	"magenta"	255	0	255	5.23598775598299	1	1
22	12881	122	0	216	"yellow"	255	255	0	1.0471975511966	1	1
22	7474	208	41	255	"green"	0	255	0	2.0943951023932	1	1
22	8915	255	141	134	"blue"	0	0	255	4.18879020478639	1	1
22	5617	255	149	128	"blue"	0	0	255	4.18879020478639	1	1
22	11409	0	160	206	"red"	255	0	0	0	1	1
22	5322	121	0	235	"yellow"	255	255	0	1.0471975511966	1	1
22	3490	0	149	125	"magenta"	255	0	255	5.23598775598299	1	1
22	5978	158	0	244	"green"	0	255	0	2.0943951023932	1	1
22	7802	74	0	33	"cyan"	0	255	255	3.14159265358979	1	1
22	5410	31	122	255	"red"	255	0	0	0	1	1
22	5082	0	97	207	"red"	255	0	0	0	1	1
22	4532	107	107	107	"cyan"	0	255	255	3.14159265358979	1	1
22	6631	100	62	0	"cyan"	0	255	255	3.14159265358979	1	1
23	64230	226	146	255	"yellow"	255	255	0	1.0471975511966	1	1
23	11985	48	215	255	"red"	255	0	0	0	1	1
23	9466	255	147	120	"blue"	0	0	255	4.18879020478639	1	1
23	21090	99	255	93	"magenta"	255	0	255	5.23598775598299	1	1
23	22377	134	134	134	"cyan"	0	255	255	3.14159265358979	1	1
23	11298	161	70	255	"yellow"	255	255	0	1.0471975511966	1	1
23	19072	255	213	254	"cyan"	0	255	255	3.14159265358979	1	1
23	9474	201	97	255	"green"	0	255	0	2.0943951023932	1	1
23	6129	148	73	255	"yellow"	255	255	0	1.0471975511966	1	1
23	7210	58	169	255	"red"	255	0	0	0	1	1
23	20572	255	160	151	"blue"	0	0	255	4.18879020478639	1	1
23	17257	174	89	255	"green"	0	255	0	2.0943951023932	1	1
23	14457	255	178	167	"blue"	0	0	255	4.18879020478639	1	1
23	46071	0	183	96	"magenta"	255	0	255	5.23598775598299	1	1
23	15329	152	152	152	"cyan"	0	255	255	3.14159265358979	1	1
23	10338	122	224	255	"red"	255	0	0	0	1	1
23	18933	0	171	104	"magenta"	255	0	255	5.23598775598299	1	1
23	7506	166	129	255	"green"	0	255	0	2.0943951023932	1	1
23	6561	148	116	255	"yellow"	255	255	0	1.0471975511966	1	1
24	13769	244	62	0	"red"	255	0	0	0	1	1
24	7770	0	211	112	"green"	0	255	0	2.0943951023932	1	1
24	10255	255	226	66	"yellow"	255	255	0	1.0471975511966	1	1
24	9649	93	0	106	"yellow"	255	255	0	1.0471975511966	1	1
24	10946	151	3	0	"magenta"	255	0	255	5.23598775598299	1	1
24	11514	103	0	134	"cyan"	0	255	255	3.14159265358979	1	1
24	7181	159	246	255	"cyan"	0	255	255	3.14159265358979	1	1
24	2982	255	82	255	"green"	0	255	0	2.0943951023932	1	1
24	8135	0	145	110	"magenta"	255	0	255	5.23598775598299	1	1
24	5148	228	94	255	"green"	0	255	0	2.0943951023932	1	1
24	6818	255	203	166	"blue"	0	0	255	4.18879020478639	1	1
24	7142	81	236	255	"red"	255	0	0	0	1	1
24	9890	0	235	166	"magenta"	255	0	255	5.23598775598299	1	1
24	10986	72	0	59	"yellow"	255	255	0	1.0471975511966	1	1
24	5091	86	191	255	"red"	255	0	0	0	1	1
24	7939	255	203	170	"blue"	0	0	255	4.18879020478639	1	1
24	6313	114	219	255	"red"	255	0	0	0	1	1
24	4614	150	97	255	"cyan"	0	255	255	3.14159265358979	1	1
24	11286	255	210	195	"blue"	0	0	255	4.18879020478639	1	1
25	35125	12	75	255	"red"	255	0	0	0	1	1
25	19654	161	0	82	"green"	0	255	0	2.0943951023932	1	1
25	22654	117	0	95	"yellow"	255	255	0	1.0471975511966	1	1
25	21542	85	0	150	"green"	0	255	0	2.0943951023932	1	1
25	10918	127	0	182	"yellow"	255	255	0	1.0471975511966	1	1
25	9438	255	156	112	"blue"	0	0	255	4.18879020478639	1	1
25	7207	255	144	134	"blue"	0	0	255	4.18879020478639	1	1
25	7589	255	165	147	"blue"	0	0	255	4.18879020478639	1	1
25	9741	0	194	99	"magenta"	255	0	255	5.23598775598299	1	1
25	14455	145	145	145	"cyan"	0	255	255	3.14159265358979	1	1
25	26541	94	236	255	"red"	255	0	0	0	1	1
25	21350	76	0	101	"green"	0	255	0	2.0943951023932	1	1
25	18726	126	0	240	"yellow"	255	255	0	1.0471975511966	1	1
25	35748	255	129	198	"cyan"	0	255	255	3.14159265358979	1	1
25	14030	0	108	54	"magenta"	255	0	255	5.23598775598299	1	1
25	6462	0	106	59	"magenta"	255	0	255	5.23598775598299	1	1
25	21348	53	58	255	"red"	255	0	0	0	1	1
25	4782	145	145	145	"cyan"	0	255	255	3.14159265358979	1	1
25	2822	143	143	143	"red"	255	0	0	0	1	1
26	9346	183	93	255	"green"	0	255	0	2.0943951023932	1	1
26	6189	65	115	255	"red"	255	0	0	0	1	1
26	5219	128	96	255	"yellow"	255	255	0	1.0471975511966	1	1
26	14114	77	155	255	"red"	255	0	0	0	1	1
26	32073	74	166	255	"red"	255	0	0	0	1	1
26	10786	167	42	255	"green"	0	255	0	2.0943951023932	1	1
26	10563	0	170	80	"magenta"	255	0	255	5.23598775598299	1	1
26	7162	167	81	255	"green"	0	255	0	2.0943951023932	1	1
26	15882	0	175	93	"magenta"	255	0	255	5.23598775598299	1	1
26	8586	172	0	243	"yellow"	255	255	0	1.0471975511966	1	1
26	2994	179	56	255	"yellow"	255	255	0	1.0471975511966	1	1
26	8794	255	151	186	"blue"	0	0	255	4.18879020478639	1	1
26	6706	184	84	255	"green"	0	255	0	2.0943951023932	1	1
26	6338	0	201	179	"magenta"	255	0	255	5.23598775598299	1	1
26	12418	255	137	204	"blue"	0	0	255	4.18879020478639	1	1
26	6089	194	81	255	"cyan"	0	255	255	3.14159265358979	1	1
26	15306	180	65	255	"cyan"	0	255	255	3.14159265358979	1	1
26	9162	255	167	194	"blue"	0	0	255	4.18879020478639	1	1
26	5579	197	76	255	"cyan"	0	255	255	3.14159265358979	1	1
27	72188	245	135	255	"cyan"	0	255	255	3.14159265358979	1	1
27	9013	255	137	137	"blue"	0	0	255	4.18879020478639	1	1
27	13302	252	108	255	"green"	0	255	0	2.0943951023932	1	1
27	5574	94	146	255	"red"	255	0	0	0	1	1
27	12741	255	129	124	"blue"	0	0	255	4.18879020478639	1	1
27	8182	246	54	255	"green"	0	255	0	2.0943951023932	1	1
27	11564	108	170	0	"magenta"	255	0	255	5.23598775598299	1	1
27	3334	152	77	255	"yellow"	255	255	0	1.0471975511966	1	1
27	15429	170	0	230	"cyan"	0	255	255	3.14159265358979	1	1
27	3749	191	62	255	"green"	0	255	0	2.0943951023932	1	1
27	8350	137	116	255	"red"	255	0	0	0	1	1
27	12606	140	0	231	"yellow"	255	255	0	1.0471975511966	1	1
27	7230	0	144	243	"red"	255	0	0	0	1	1
27	3654	136	73	255	"yellow"	255	255	0	1.0471975511966	1	1
27	15046	62	255	167	"magenta"	255	0	255	5.23598775598299	1	1
27	9709	32	255	190	"magenta"	255	0	255	5.23598775598299	1	1
27	9759	255	80	118	"cyan"	0	255	255	3.14159265358979	1	1
27	12718	255	118	65	"blue"	0	0	255	4.18879020478639	1	1
27	6620	255	85	98	"cyan"	0	255	255	3.14159265358979	1	1
28	8792	45	255	116	"magenta"	255	0	255	5.23598775598299	1	1
28	10853	255	184	137	"blue"	0	0	255	4.18879020478639	1	1
28	14258	20	255	213	"red"	255	0	0	0	1	1
28	5425	129	110	255	"yellow"	255	255	0	1.0471975511966	1	1
28	33520	123	0	187	"green"	0	255	0	2.0943951023932	1	1
28	8958	0	169	251	"red"	255	0	0	0	1	1
28	25425	105	0	157	"yellow"	255	255	0	1.0471975511966	1	1
28	5330	0	189	157	"magenta"	255	0	255	5.23598775598299	1	1
28	7586	255	131	94	"blue"	0	0	255	4.18879020478639	1	1
28	7890	172	65	255	"green"	0	255	0	2.0943951023932	1	1
28	9665	208	5	255	"green"	0	255	0	2.0943951023932	1	1
28	11377	0	139	83	"magenta"	255	0	255	5.23598775598299	1	1
28	5986	255	183	150	"blue"	0	0	255	4.18879020478639	1	1
28	7498	0	188	227	"red"	255	0	0	0	1	1
28	4426	140	140	140	"cyan"	0	255	255	3.14159265358979	1	1
28	3449	142	142	142	"cyan"	0	255	255	3.14159265358979	1	1
28	10545	73	0	151	"yellow"	255	255	0	1.0471975511966	1	1
28	6970	0	178	108	"magenta"	255	0	255	5.23598775598299	1	1
28	6411	144	144	144	"cyan"	0	255	255	3.14159265358979	1	1
29	16639	137	210	255	"red"	255	0	0	0	1	1
29	11015	146	100	255	"yellow"	255	255	0	1.0471975511966	1	1
29	18486	179	84	255	"green"	0	255	0	2.0943951023932	1	1
29	6839	89	144	255	"red"	255	0	0	0	1	1
29	6142	149	42	255	"green"	0	255	0	2.0943951023932	1	1
29	4543	42	177	255	"red"	255	0	0	0	1	1
29	14439	196	175	255	"cyan"	0	255	255	3.14159265358979	1	1
29	19023	143	255	217	"magenta"	255	0	255	5.23598775598299	1	1
29	9479	156	98	255	"green"	0	255	0	2.0943951023932	1	1
29	13246	68	255	216	"magenta"	255	0	255	5.23598775598299	1	1
29	13566	160	72	255	"yellow"	255	255	0	1.0471975511966	1	1
29	12391	255	197	198	"blue"	0	0	255	4.18879020478639	1	1
29	16599	255	183	195	"blue"	0	0	255	4.18879020478639	1	1
29	11838	166	11	255	"yellow"	255	255	0	1.0471975511966	1	1
29	19806	255	185	171	"blue"	0	0	255	4.18879020478639	1	1
29	16830	247	81	255	"cyan"	0	255	255	3.14159265358979	1	1
29	16783	69	255	191	"magenta"	255	0	255	5.23598775598299	1	1
29	28062	193	142	255	"cyan"	0	255	255	3.14159265358979	1	1
29	21558	170	0	182	"cyan"	0	255	255	3.14159265358979	1	1
30	2715	193	0	244	"magenta"	255	0	255	5.23598775598299	1	1
30	14240	255	38	8	"blue"	0	0	255	4.18879020478639	1	1
30	11458	206	112	255	"yellow"	255	255	0	1.0471975511966	1	1
30	6242	255	105	215	"cyan"	0	255	255	3.14159265358979	1	1
30	5026	0	165	193	"red"	255	0	0	0	1	1
30	9949	128	0	166	"yellow"	255	255	0	1.0471975511966	1	1
30	6802	0	174	150	"magenta"	255	0	255	5.23598775598299	1	1
30	9530	150	0	22	"blue"	0	0	255	4.18879020478639	1	1
30	3354	255	150	204	"green"	0	255	0	2.0943951023932	1	1
30	9506	182	0	72	"cyan"	0	255	255	3.14159265358979	1	1
30	7993	31	110	255	"red"	255	0	0	0	1	1
30	8544	128	131	255	"red"	255	0	0	0	1	1
30	8778	255	233	142	"blue"	0	0	255	4.18879020478639	1	1
30	6316	15	255	157	"magenta"	255	0	255	5.23598775598299	1	1
30	12418	50	255	128	"magenta"	255	0	255	5.23598775598299	1	1
30	5353	41	216	255	"green"	0	255	0	2.0943951023932	1	1
30	7437	171	0	238	"green"	0	255	0	2.0943951023932	1	1
30	5094	214	225	255	"cyan"	0	255	255	3.14159265358979	1	1
30	7320	255	241	220	"yellow"	255	255	0	1.0471975511966	1	1
31	28606	255	152	105	"blue"	0	0	255	4.18879020478639	1	1
31	4246	179	3	255	"green"	0	255	0	2.0943951023932	1	1
31	3835	199	29	255	"green"	0	255	0	2.0943951023932	1	1
31	11748	154	11	255	"yellow"	255	255	0	1.0471975511966	1	1
31	8111	0	174	154	"magenta"	255	0	255	5.23598775598299	1	1
31	13870	166	90	255	"cyan"	0	255	255	3.14159265358979	1	1
31	9894	142	0	251	"yellow"	255	255	0	1.0471975511966	1	1
31	6118	12	151	255	"red"	255	0	0	0	1	1
31	7734	135	105	255	"yellow"	255	255	0	1.0471975511966	1	1
31	5622	0	166	131	"magenta"	255	0	255	5.23598775598299	1	1
31	4183	12	126	255	"red"	255	0	0	0	1	1
31	8639	0	153	254	"red"	255	0	0	0	1	1
31	4453	163	93	255	"green"	0	255	0	2.0943951023932	1	1
31	9614	255	182	153	"blue"	0	0	255	4.18879020478639	1	1
31	7679	255	169	151	"blue"	0	0	255	4.18879020478639	1	1
31	5775	255	158	135	"blue"	0	0	255	4.18879020478639	1	1
31	12966	255	132	96	"cyan"	0	255	255	3.14159265358979	1	1
31	3999	0	175	120	"magenta"	255	0	255	5.23598775598299	1	1
31	11710	255	132	131	"cyan"	0	255	255	3.14159265358979	1	1
32	34168	255	163	169	"blue"	0	0	255	4.18879020478639	1	1
32	2402	39	160	255	"red"	255	0	0	0	1	1
32	3306	255	128	145	"blue"	0	0	255	4.18879020478639	1	1
32	9090	126	44	255	"yellow"	255	255	0	1.0471975511966	1	1
32	6371	209	116	255	"cyan"	0	255	255	3.14159265358979	1	1
32	3505	0	146	202	"red"	255	0	0	0	1	1
32	4865	124	0	247	"green"	0	255	0	2.0943951023932	1	1
32	5100	0	230	163	"magenta"	255	0	255	5.23598775598299	1	1
32	7722	255	145	145	"blue"	0	0	255	4.18879020478639	1	1
32	8473	255	110	218	"cyan"	0	255	255	3.14159265358979	1	1
32	9954	109	194	255	"red"	255	0	0	0	1	1
32	7418	165	116	255	"green"	0	255	0	2.0943951023932	1	1
32	6570	0	227	130	"magenta"	255	0	255	5.23598775598299	1	1
32	12105	181	81	255	"green"	0	255	0	2.0943951023932	1	1
32	5249	255	131	143	"blue"	0	0	255	4.18879020478639	1	1
32	4947	142	89	255	"yellow"	255	255	0	1.0471975511966	1	1
32	5874	124	25	255	"yellow"	255	255	0	1.0471975511966	1	1
32	2458	0	209	141	"magenta"	255	0	255	5.23598775598299	1	1
32	9906	255	57	98	"cyan"	0	255	255	3.14159265358979	1	1
33	69809	194	146	255	"green"	0	255	0	2.0943951023932	1	1
33	12569	31	230	255	"yellow"	255	255	0	1.0471975511966	1	1
33	7569	12	0	239	"blue"	0	0	255	4.18879020478639	1	1
33	11033	255	13	238	"magenta"	255	0	255	5.23598775598299	1	1
33	3915	255	247	40	"yellow"	255	255	0	1.0471975511966	1	1
33	12978	173	255	186	"blue"	0	0	255	4.18879020478639	1	1
33	9135	186	142	255	"cyan"	0	255	255	3.14159265358979	1	1
33	6314	255	176	173	"yellow"	255	255	0	1.0471975511966	1	1
33	3794	137	255	101	"green"	0	255	0	2.0943951023932	1	1
33	6385	213	157	255	"red"	255	0	0	0	1	1
33	3506	255	202	58	"cyan"	0	255	255	3.14159265358979	1	1
33	3042	135	255	248	"red"	255	0	0	0	1	1
33	8042	255	131	146	"blue"	0	0	255	4.18879020478639	1	1
33	2482	105	255	93	"magenta"	255	0	255	5.23598775598299	1	1
33	7931	82	255	133	"magenta"	255	0	255	5.23598775598299	1	1
33	3146	255	252	1	"cyan"	0	255	255	3.14159265358979	1	1
33	6938	147	255	199	"green"	0	255	0	2.0943951023932	1	1
33	2842	114	255	253	"red"	255	0	0	0	1	1
33	5841	255	193	120	"green"	0	255	0	2.0943951023932	1	1
34	27533	255	191	198	"blue"	0	0	255	4.18879020478639	1	1
34	14375	163	255	179	"magenta"	255	0	255	5.23598775598299	1	1
34	26710	255	159	229	"green"	0	255	0	2.0943951023932	1	1
34	13725	255	125	155	"cyan"	0	255	255	3.14159265358979	1	1
34	10486	167	5	255	"yellow"	255	255	0	1.0471975511966	1	1
34	6214	105	138	255	"red"	255	0	0	0	1	1
34	6894	140	70	255	"yellow"	255	255	0	1.0471975511966	1	1
34	4238	0	155	139	"magenta"	255	0	255	5.23598775598299	1	1
34	5574	168	69	255	"green"	0	255	0	2.0943951023932	1	1
34	8965	113	115	255	"red"	255	0	0	0	1	1
34	14109	255	178	101	"blue"	0	0	255	4.18879020478639	1	1
34	8444	124	161	255	"red"	255	0	0	0	1	1
34	12709	255	192	143	"blue"	0	0	255	4.18879020478639	1	1
34	10405	156	122	255	"yellow"	255	255	0	1.0471975511966	1	1
34	14645	186	96	255	"cyan"	0	255	255	3.14159265358979	1	1
34	14142	217	72	255	"green"	0	255	0	2.0943951023932	1	1
34	7343	255	135	128	"blue"	0	0	255	4.18879020478639	1	1
34	18454	255	149	195	"cyan"	0	255	255	3.14159265358979	1	1
34	25189	0	191	167	"magenta"	255	0	255	5.23598775598299	1	1
35	65508	145	74	255	"yellow"	255	255	0	1.0471975511966	1	1
35	12110	213	80	255	"green"	0	255	0	2.0943951023932	1	1
35	15358	104	159	0	"magenta"	255	0	255	5.23598775598299	1	1
35	10823	125	210	255	"red"	255	0	0	0	1	1
35	7758	7	120	255	"red"	255	0	0	0	1	1
35	4726	0	154	213	"red"	255	0	0	0	1	1
35	15902	203	88	255	"yellow"	255	255	0	1.0471975511966	1	1
35	15414	255	223	199	"blue"	0	0	255	4.18879020478639	1	1
35	15646	209	154	255	"yellow"	255	255	0	1.0471975511966	1	1
35	18022	54	255	136	"magenta"	255	0	255	5.23598775598299	1	1
35	8951	198	35	255	"green"	0	255	0	2.0943951023932	1	1
35	6151	0	190	140	"magenta"	255	0	255	5.23598775598299	1	1
35	12918	255	203	205	"blue"	0	0	255	4.18879020478639	1	1
35	13583	220	102	255	"green"	0	255	0	2.0943951023932	1	1
35	11775	255	182	161	"blue"	0	0	255	4.18879020478639	1	1
35	17702	212	84	255	"yellow"	255	255	0	1.0471975511966	1	1
35	11879	255	154	193	"cyan"	0	255	255	3.14159265358979	1	1
35	13231	255	171	248	"cyan"	0	255	255	3.14159265358979	1	1
35	17046	238	0	192	"cyan"	0	255	255	3.14159265358979	1	1
36	46432	255	208	174	"blue"	0	0	255	4.18879020478639	1	1
36	12778	82	255	112	"magenta"	255	0	255	5.23598775598299	1	1
36	13402	255	203	167	"blue"	0	0	255	4.18879020478639	1	1
36	13201	167	109	255	"yellow"	255	255	0	1.0471975511966	1	1
36	20738	82	193	255	"red"	255	0	0	0	1	1
36	22406	183	154	255	"cyan"	0	255	255	3.14159265358979	1	1
36	27649	143	255	207	"magenta"	255	0	255	5.23598775598299	1	1
36	21318	181	150	255	"green"	0	255	0	2.0943951023932	1	1
36	10246	189	134	255	"green"	0	255	0	2.0943951023932	1	1
36	23698	221	191	255	"cyan"	0	255	255	3.14159265358979	1	1
36	18385	179	145	255	"yellow"	255	255	0	1.0471975511966	1	1
36	8201	139	58	255	"yellow"	255	255	0	1.0471975511966	1	1
36	10620	42	157	255	"red"	255	0	0	0	1	1
36	31649	0	167	86	"magenta"	255	0	255	5.23598775598299	1	1
36	6346	101	128	255	"red"	255	0	0	0	1	1
36	13682	255	207	193	"blue"	0	0	255	4.18879020478639	1	1
36	4079	158	39	255	"green"	0	255	0	2.0943951023932	1	1
36	9906	255	159	178	"blue"	0	0	255	4.18879020478639	1	1
36	12762	255	165	194	"cyan"	0	255	255	3.14159265358979	1	1
37	15752	220	13	255	"green"	0	255	0	2.0943951023932	1	1
37	4114	178	131	255	"yellow"	255	255	0	1.0471975511966	1	1
37	4530	3	255	145	"magenta"	255	0	255	5.23598775598299	1	1
37	6418	255	108	80	"blue"	0	0	255	4.18879020478639	1	1
37	2930	208	104	255	"yellow"	255	255	0	1.0471975511966	1	1
37	5810	27	244	255	"red"	255	0	0	0	1	1
37	7738	255	129	16	"blue"	0	0	255	4.18879020478639	1	1
37	3650	176	44	255	"green"	0	255	0	2.0943951023932	1	1
37	2235	204	93	255	"green"	0	255	0	2.0943951023932	1	1
37	1995	145	72	255	"yellow"	255	255	0	1.0471975511966	1	1
37	3834	64	197	255	"red"	255	0	0	0	1	1
37	3346	45	202	255	"red"	255	0	0	0	1	1
37	4443	58	255	118	"magenta"	255	0	255	5.23598775598299	1	1
37	4579	207	110	255	"green"	0	255	0	2.0943951023932	1	1
37	4674	35	255	170	"magenta"	255	0	255	5.23598775598299	1	1
37	9401	227	161	0	"blue"	0	0	255	4.18879020478639	1	1
37	7615	255	247	174	"cyan"	0	255	255	3.14159265358979	1	1
37	2866	142	236	255	"cyan"	0	255	255	3.14159265358979	1	1
37	6994	255	169	37	"cyan"	0	255	255	3.14159265358979	1	1
38	62317	0	171	135	"magenta"	255	0	255	5.23598775598299	1	1
38	10590	219	0	234	"green"	0	255	0	2.0943951023932	1	1
38	22782	255	231	190	"blue"	0	0	255	4.18879020478639	1	1
38	6679	32	155	255	"red"	255	0	0	0	1	1
38	15167	143	46	255	"yellow"	255	255	0	1.0471975511966	1	1
38	4369	0	143	14	"magenta"	255	0	255	5.23598775598299	1	1
38	4879	0	166	119	"magenta"	255	0	255	5.23598775598299	1	1
38	4175	49	145	255	"red"	255	0	0	0	1	1
38	6964	147	42	255	"yellow"	255	255	0	1.0471975511966	1	1
38	15487	255	163	192	"cyan"	0	255	255	3.14159265358979	1	1
38	7119	199	109	255	"green"	0	255	0	2.0943951023932	1	1
38	9933	62	160	255	"red"	255	0	0	0	1	1
38	10214	164	65	255	"green"	0	255	0	2.0943951023932	1	1
38	10319	168	121	255	"yellow"	255	255	0	1.0471975511966	1	1
38	11687	83	142	0	"magenta"	255	0	255	5.23598775598299	1	1
38	16102	97	49	0	"cyan"	0	255	255	3.14159265358979	1	1
38	12614	97	40	0	"cyan"	0	255	255	3.14159265358979	1	1
38	8678	255	141	85	"blue"	0	0	255	4.18879020478639	1	1
38	8287	255	197	182	"blue"	0	0	255	4.18879020478639	1	1
39	10206	255	103	101	"cyan"	0	255	255	3.14159265358979	1	1
39	5374	255	150	135	"blue"	0	0	255	4.18879020478639	1	1
39	4934	166	108	255	"yellow"	255	255	0	1.0471975511966	1	1
39	4982	255	168	154	"blue"	0	0	255	4.18879020478639	1	1
39	8454	190	120	255	"yellow"	255	255	0	1.0471975511966	1	1
39	11350	100	255	126	"magenta"	255	0	255	5.23598775598299	1	1
39	7814	186	46	255	"green"	0	255	0	2.0943951023932	1	1
39	6358	93	255	176	"magenta"	255	0	255	5.23598775598299	1	1
39	8622	0	158	250	"red"	255	0	0	0	1	1
39	8454	138	60	255	"green"	0	255	0	2.0943951023932	1	1
39	8654	80	120	255	"red"	255	0	0	0	1	1
39	5182	141	68	255	"green"	0	255	0	2.0943951023932	1	1
39	11262	0	183	130	"magenta"	255	0	255	5.23598775598299	1	1
39	4023	255	158	149	"blue"	0	0	255	4.18879020478639	1	1
39	5566	127	76	255	"yellow"	255	255	0	1.0471975511966	1	1
39	5718	94	161	255	"red"	255	0	0	0	1	1
39	6887	143	113	255	"cyan"	0	255	255	3.14159265358979	1	1
39	10366	150	146	255	"cyan"	0	255	255	3.14159265358979	1	1
39	13661	187	158	255	"cyan"	0	255	255	3.14159265358979	1	1
40	58059	76	255	129	"magenta"	255	0	255	5.23598775598299	1	1
40	20486	255	222	183	"blue"	0	0	255	4.18879020478639	1	1
40	5631	12	100	255	"red"	255	0	0	0	1	1
40	18982	142	0	219	"green"	0	255	0	2.0943951023932	1	1
40	6207	172	56	255	"green"	0	255	0	2.0943951023932	1	1
40	20606	57	0	50	"cyan"	0	255	255	3.14159265358979	1	1
40	12134	162	110	255	"yellow"	255	255	0	1.0471975511966	1	1
40	17694	0	97	92	"magenta"	255	0	255	5.23598775598299	1	1
40	17854	255	183	155	"blue"	0	0	255	4.18879020478639	1	1
40	8511	39	196	255	"red"	255	0	0	0	1	1
40	4839	125	102	255	"yellow"	255	255	0	1.0471975511966	1	1
40	5246	148	96	255	"yellow"	255	255	0	1.0471975511966	1	1
40	12150	223	143	255	"cyan"	0	255	255	3.14159265358979	1	1
40	9879	0	93	87	"magenta"	255	0	255	5.23598775598299	1	1
40	14815	142	0	252	"green"	0	255	0	2.0943951023932	1	1
40	11445	5	150	255	"red"	255	0	0	0	1	1
40	12534	99	0	179	"cyan"	0	255	255	3.14159265358979	1	1
40	14622	255	138	158	"blue"	0	0	255	4.18879020478639	1	1
40	15751	0	182	140	"magenta"	255	0	255	5.23598775598299	1	1
41	12376	105	255	134	"magenta"	255	0	255	5.23598775598299	1	1
41	10004	255	191	98	"yellow"	255	255	0	1.0471975511966	1	1
41	5234	255	33	178	"green"	0	255	0	2.0943951023932	1	1
41	7633	210	124	255	"yellow"	255	255	0	1.0471975511966	1	1
41	4499	0	228	162	"magenta"	255	0	255	5.23598775598299	1	1
41	11361	255	178	98	"blue"	0	0	255	4.18879020478639	1	1
41	8086	255	76	100	"cyan"	0	255	255	3.14159265358979	1	1
41	7597	0	185	226	"red"	255	0	0	0	1	1
41	8026	152	106	255	"green"	0	255	0	2.0943951023932	1	1
41	7530	0	124	234	"red"	255	0	0	0	1	1
41	4499	160	88	255	"green"	0	255	0	2.0943951023932	1	1
41	7676	0	218	136	"magenta"	255	0	255	5.23598775598299	1	1
41	8682	9	132	255	"red"	255	0	0	0	1	1
41	5275	255	196	161	"blue"	0	0	255	4.18879020478639	1	1
41	15866	175	175	175	"cyan"	0	255	255	3.14159265358979	1	1
41	5025	255	128	212	"cyan"	0	255	255	3.14159265358979	1	1
41	5304	255	183	155	"blue"	0	0	255	4.18879020478639	1	1
41	13313	23	255	177	"magenta"	255	0	255	5.23598775598299	1	1
41	12090	175	139	255	"yellow"	255	255	0	1.0471975511966	1	1
42	7278	173	108	255	"yellow"	255	255	0	1.0471975511966	1	1
42	8039	131	156	255	"red"	255	0	0	0	1	1
42	4869	97	153	255	"red"	255	0	0	0	1	1
42	11422	255	184	163	"blue"	0	0	255	4.18879020478639	1	1
42	7413	135	179	255	"red"	255	0	0	0	1	1
42	5589	0	230	167	"magenta"	255	0	255	5.23598775598299	1	1
42	5174	122	3	255	"yellow"	255	255	0	1.0471975511966	1	1
42	11005	242	142	255	"blue"	0	0	255	4.18879020478639	1	1
42	4446	154	28	255	"yellow"	255	255	0	1.0471975511966	1	1
42	7470	93	255	167	"magenta"	255	0	255	5.23598775598299	1	1
42	12502	165	0	240	"green"	0	255	0	2.0943951023932	1	1
42	6822	62	255	149	"magenta"	255	0	255	5.23598775598299	1	1
42	9759	178	42	255	"green"	0	255	0	2.0943951023932	1	1
42	11270	255	131	243	"blue"	0	0	255	4.18879020478639	1	1
42	9478	208	121	255	"cyan"	0	255	255	3.14159265358979	1	1
42	5134	246	121	255	"cyan"	0	255	255	3.14159265358979	1	1
42	5662	183	16	255	"green"	0	255	0	2.0943951023932	1	1
42	5926	116	0	179	"yellow"	255	255	0	1.0471975511966	1	1
42	10460	160	0	223	"cyan"	0	255	255	3.14159265358979	1	1
43	42679	255	137	126	"blue"	0	0	255	4.18879020478639	1	1
43	8169	19	197	255	"red"	255	0	0	0	1	1
43	5682	136	136	136	"blue"	0	0	255	4.18879020478639	1	1
43	4961	0	223	75	"magenta"	255	0	255	5.23598775598299	1	1
43	4274	117	0	215	"yellow"	255	255	0	1.0471975511966	1	1
43	3402	100	100	100	"cyan"	0	255	255	3.14159265358979	1	1
43	10345	0	158	55	"magenta"	255	0	255	5.23598775598299	1	1
43	4466	0	149	244	"red"	255	0	0	0	1	1
43	4730	116	0	209	"yellow"	255	255	0	1.0471975511966	1	1
43	19240	95	95	95	"cyan"	0	255	255	3.14159265358979	1	1
43	5761	146	90	255	"yellow"	255	255	0	1.0471975511966	1	1
43	7163	194	46	255	"green"	0	255	0	2.0943951023932	1	1
43	6827	255	145	218	"cyan"	0	255	255	3.14159265358979	1	1
43	5586	255	109	239	"green"	0	255	0	2.0943951023932	1	1
43	12145	162	207	255	"red"	255	0	0	0	1	1
43	8826	54	255	161	"magenta"	255	0	255	5.23598775598299	1	1
43	2851	153	110	255	"green"	0	255	0	2.0943951023932	1	1
43	2762	255	123	114	"blue"	0	0	255	4.18879020478639	1	1
43	3581	255	139	125	"blue"	0	0	255	4.18879020478639	1	1
44	18948	137	0	131	"green"	0	255	0	2.0943951023932	1	1
44	7510	255	147	190	"blue"	0	0	255	4.18879020478639	1	1
44	13583	255	170	202	"cyan"	0	255	255	3.14159265358979	1	1
44	8750	227	0	225	"yellow"	255	255	0	1.0471975511966	1	1
44	20925	0	211	1	"magenta"	255	0	255	5.23598775598299	1	1
44	6990	56	108	255	"red"	255	0	0	0	1	1
44	9686	149	0	202	"green"	0	255	0	2.0943951023932	1	1
44	8581	93	0	94	"cyan"	0	255	255	3.14159265358979	1	1
44	4487	136	0	177	"yellow"	255	255	0	1.0471975511966	1	1
44	5062	255	201	195	"blue"	0	0	255	4.18879020478639	1	1
44	10686	30	130	0	"magenta"	255	0	255	5.23598775598299	1	1
44	4742	138	0	162	"green"	0	255	0	2.0943951023932	1	1
44	4023	148	0	187	"yellow"	255	255	0	1.0471975511966	1	1
44	7317	0	60	239	"red"	255	0	0	0	1	1
44	4582	0	84	244	"red"	255	0	0	0	1	1
44	4863	255	175	162	"blue"	0	0	255	4.18879020478639	1	1
44	7806	131	0	135	"green"	0	255	0	2.0943951023932	1	1
44	16342	40	191	0	"magenta"	255	0	255	5.23598775598299	1	1
44	19206	255	201	185	"cyan"	0	255	255	3.14159265358979	1	1
45	29321	0	243	159	"magenta"	255	0	255	5.23598775598299	1	1
45	14026	255	143	98	"blue"	0	0	255	4.18879020478639	1	1
45	26272	255	117	223	"green"	0	255	0	2.0943951023932	1	1
45	30688	92	178	255	"red"	255	0	0	0	1	1
45	9930	69	255	181	"magenta"	255	0	255	5.23598775598299	1	1
45	27409	255	142	173	"blue"	0	0	255	4.18879020478639	1	1
45	20097	174	128	255	"yellow"	255	255	0	1.0471975511966	1	1
45	11426	195	110	255	"yellow"	255	255	0	1.0471975511966	1	1
45	16945	56	202	255	"red"	255	0	0	0	1	1
45	13338	131	52	255	"yellow"	255	255	0	1.0471975511966	1	1
45	8258	15	189	255	"red"	255	0	0	0	1	1
45	6794	0	251	159	"magenta"	255	0	255	5.23598775598299	1	1
45	12106	156	48	255	"green"	0	255	0	2.0943951023932	1	1
45	3802	164	86	255	"green"	0	255	0	2.0943951023932	1	1
45	19066	255	130	186	"blue"	0	0	255	4.18879020478639	1	1
45	10250	108	255	134	"magenta"	255	0	255	5.23598775598299	1	1
45	17793	255	109	122	"cyan"	0	255	255	3.14159265358979	1	1
45	9418	255	81	141	"cyan"	0	255	255	3.14159265358979	1	1
45	9458	255	131	153	"cyan"	0	255	255	3.14159265358979	1	1
46	9170	255	252	89	"yellow"	255	255	0	1.0471975511966	1	1
46	6170	114	255	64	"green"	0	255	0	2.0943951023932	1	1
46	16090	111	175	0	"magenta"	255	0	255	5.23598775598299	1	1
46	28041	188	48	255	"green"	0	255	0	2.0943951023932	1	1
46	21809	213	145	255	"cyan"	0	255	255	3.14159265358979	1	1
46	15969	0	149	244	"red"	255	0	0	0	1	1
46	22497	0	195	144	"magenta"	255	0	255	5.23598775598299	1	1
46	15273	0	239	184	"magenta"	255	0	255	5.23598775598299	1	1
46	14754	128	137	255	"yellow"	255	255	0	1.0471975511966	1	1
46	12697	25	161	255	"red"	255	0	0	0	1	1
46	29186	83	83	83	"cyan"	0	255	255	3.14159265358979	1	1
46	29076	165	108	255	"yellow"	255	255	0	1.0471975511966	1	1
46	12953	0	159	190	"red"	255	0	0	0	1	1
46	10722	136	118	255	"green"	0	255	0	2.0943951023932	1	1
46	26297	255	126	89	"blue"	0	0	255	4.18879020478639	1	1
46	11841	255	174	191	"blue"	0	0	255	4.18879020478639	1	1
46	16433	255	173	184	"cyan"	0	255	255	3.14159265358979	1	1
46	12649	255	168	141	"blue"	0	0	255	4.18879020478639	1	1
46	17986	184	138	255	"yellow"	255	255	0	1.0471975511966	1	1
47	30737	255	50	52	"cyan"	0	255	255	3.14159265358979	1	1
47	15578	168	0	218	"yellow"	255	255	0	1.0471975511966	1	1
47	22714	104	0	47	"cyan"	0	255	255	3.14159265358979	1	1
47	19377	0	232	200	"red"	255	0	0	0	1	1
47	4097	172	56	255	"yellow"	255	255	0	1.0471975511966	1	1
47	13178	45	255	165	"magenta"	255	0	255	5.23598775598299	1	1
47	10753	200	147	255	"green"	0	255	0	2.0943951023932	1	1
47	16670	89	0	153	"yellow"	255	255	0	1.0471975511966	1	1
47	29161	175	79	0	"blue"	0	0	255	4.18879020478639	1	1
47	6386	97	169	255	"red"	255	0	0	0	1	1
47	6427	133	80	255	"green"	0	255	0	2.0943951023932	1	1
47	10482	0	107	235	"red"	255	0	0	0	1	1
47	28089	250	187	255	"blue"	0	0	255	4.18879020478639	1	1
47	10842	0	93	82	"magenta"	255	0	255	5.23598775598299	1	1
47	14886	254	255	222	"blue"	0	0	255	4.18879020478639	1	1
47	15353	169	0	28	"cyan"	0	255	255	3.14159265358979	1	1
47	13457	0	130	50	"magenta"	255	0	255	5.23598775598299	1	1
47	5674	148	0	153	"green"	0	255	0	2.0943951023932	1	1
47	12322	167	0	195	"cyan"	0	255	255	3.14159265358979	1	1
48	43143	255	98	108	"cyan"	0	255	255	3.14159265358979	1	1
48	11898	162	89	255	"yellow"	255	255	0	1.0471975511966	1	1
48	9353	189	106	255	"green"	0	255	0	2.0943951023932	1	1
48	7605	77	164	255	"red"	255	0	0	0	1	1
48	23031	255	100	161	"cyan"	0	255	255	3.14159265358979	1	1
48	5794	255	149	159	"blue"	0	0	255	4.18879020478639	1	1
48	18993	255	110	166	"cyan"	0	255	255	3.14159265358979	1	1
48	21090	147	255	169	"magenta"	255	0	255	5.23598775598299	1	1
48	6106	187	102	255	"green"	0	255	0	2.0943951023932	1	1
48	7586	218	88	255	"green"	0	255	0	2.0943951023932	1	1
48	10385	129	167	255	"red"	255	0	0	0	1	1
48	7066	149	113	255	"yellow"	255	255	0	1.0471975511966	1	1
48	14332	0	216	182	"magenta"	255	0	255	5.23598775598299	1	1
48	19442	80	124	255	"yellow"	255	255	0	1.0471975511966	1	1
48	17025	255	190	230	"blue"	0	0	255	4.18879020478639	1	1
48	6170	117	177	255	"red"	255	0	0	0	1	1
48	14730	255	181	201	"blue"	0	0	255	4.18879020478639	1	1
48	14417	0	206	171	"magenta"	255	0	255	5.23598775598299	1	1
48	11426	255	188	182	"cyan"	0	255	255	3.14159265358979	1	1
49	46543	255	165	149	"blue"	0	0	255	4.18879020478639	1	1
49	5506	152	74	255	"yellow"	255	255	0	1.0471975511966	1	1
49	18994	0	198	160	"magenta"	255	0	255	5.23598775598299	1	1
49	15745	232	60	255	"cyan"	0	255	255	3.14159265358979	1	1
49	12217	80	167	255	"red"	255	0	0	0	1	1
49	30104	85	194	255	"red"	255	0	0	0	1	1
49	6082	40	180	255	"red"	255	0	0	0	1	1
49	19193	27	255	212	"magenta"	255	0	255	5.23598775598299	1	1
49	18156	152	12	255	"yellow"	255	255	0	1.0471975511966	1	1
49	22521	255	147	192	"cyan"	0	255	255	3.14159265358979	1	1
49	11281	86	255	185	"magenta"	255	0	255	5.23598775598299	1	1
49	14289	153	45	255	"yellow"	255	255	0	1.0471975511966	1	1
49	12738	161	17	255	"green"	0	255	0	2.0943951023932	1	1
49	10298	164	35	255	"green"	0	255	0	2.0943951023932	1	1
49	7817	255	182	165	"blue"	0	0	255	4.18879020478639	1	1
49	5114	255	185	163	"blue"	0	0	255	4.18879020478639	1	1
49	22881	201	108	255	"cyan"	0	255	255	3.14159265358979	1	1
49	9451	210	48	255	"green"	0	255	0	2.0943951023932	1	1
49	13386	255	173	181	"blue"	0	0	255	4.18879020478639	1	1
50	14953	8	146	255	"red"	255	0	0	0	1	1
50	23099	255	122	122	"blue"	0	0	255	4.18879020478639	1	1
50	12954	101	255	183	"magenta"	255	0	255	5.23598775598299	1	1
50	7442	76	235	255	"red"	255	0	0	0	1	1
50	10650	86	255	160	"magenta"	255	0	255	5.23598775598299	1	1
50	7129	68	255	154	"magenta"	255	0	255	5.23598775598299	1	1
50	13721	150	108	255	"yellow"	255	255	0	1.0471975511966	1	1
50	14841	174	118	255	"green"	0	255	0	2.0943951023932	1	1
50	11522	255	133	157	"blue"	0	0	255	4.18879020478639	1	1
50	10721	162	118	255	"yellow"	255	255	0	1.0471975511966	1	1
50	14521	255	166	184	"blue"	0	0	255	4.18879020478639	1	1
50	17272	142	97	255	"yellow"	255	255	0	1.0471975511966	1	1
50	12942	194	133	255	"green"	0	255	0	2.0943951023932	1	1
50	29632	255	127	118	"cyan"	0	255	255	3.14159265358979	1	1
50	26049	255	124	114	"cyan"	0	255	255	3.14159265358979	1	1
50	17992	145	194	255	"red"	255	0	0	0	1	1
50	5138	153	106	255	"green"	0	255	0	2.0943951023932	1	1
50	7665	179	110	255	"green"	0	255	0	2.0943951023932	1	1
50	18401	255	136	128	"cyan"	0	255	255	3.14159265358979	1	1
51	72277	217	145	255	"cyan"	0	255	255	3.14159265358979	1	1
51	5546	171	76	255	"yellow"	255	255	0	1.0471975511966	1	1
51	8594	0	183	79	"magenta"	255	0	255	5.23598775598299	1	1
51	5073	162	7	255	"green"	0	255	0	2.0943951023932	1	1
51	5289	9	210	255	"red"	255	0	0	0	1	1
51	12041	126	0	232	"yellow"	255	255	0	1.0471975511966	1	1
51	11202	0	210	129	"magenta"	255	0	255	5.23598775598299	1	1
51	6210	209	191	255	"cyan"	0	255	255	3.14159265358979	1	1
51	6982	205	72	255	"green"	0	255	0	2.0943951023932	1	1
51	6618	200	174	255	"cyan"	0	255	255	3.14159265358979	1	1
51	4450	15	206	255	"red"	255	0	0	0	1	1
51	4602	161	88	255	"green"	0	255	0	2.0943951023932	1	1
51	8874	159	17	255	"yellow"	255	255	0	1.0471975511966	1	1
51	10058	255	100	172	"blue"	0	0	255	4.18879020478639	1	1
51	6562	73	255	142	"magenta"	255	0	255	5.23598775598299	1	1
51	3707	255	158	155	"blue"	0	0	255	4.18879020478639	1	1
51	7155	84	196	255	"red"	255	0	0	0	1	1
51	4626	255	189	198	"blue"	0	0	255	4.18879020478639	1	1
51	5506	255	207	219	"cyan"	0	255	255	3.14159265358979	1	1
52	59944	188	171	255	"yellow"	255	255	0	1.0471975511966	1	1
52	16106	40	140	255	"red"	255	0	0	0	1	1
52	19434	0	246	202	"magenta"	255	0	255	5.23598775598299	1	1
52	4254	0	186	133	"magenta"	255	0	255	5.23598775598299	1	1
52	6219	138	9	255	"yellow"	255	255	0	1.0471975511966	1	1
52	14842	135	37	255	"green"	0	255	0	2.0943951023932	1	1
52	20154	80	0	14	"cyan"	0	255	255	3.14159265358979	1	1
52	23177	255	172	141	"blue"	0	0	255	4.18879020478639	1	1
52	4522	122	0	213	"yellow"	255	255	0	1.0471975511966	1	1
52	6370	0	102	197	"red"	255	0	0	0	1	1
52	7066	135	0	227	"green"	0	255	0	2.0943951023932	1	1
52	10826	144	85	255	"green"	0	255	0	2.0943951023932	1	1
52	19658	48	0	29	"cyan"	0	255	255	3.14159265358979	1	1
52	21786	0	131	105	"magenta"	255	0	255	5.23598775598299	1	1
52	5754	0	139	206	"red"	255	0	0	0	1	1
52	5690	148	112	255	"yellow"	255	255	0	1.0471975511966	1	1
52	28369	255	179	121	"blue"	0	0	255	4.18879020478639	1	1
52	18938	255	124	143	"blue"	0	0	255	4.18879020478639	1	1
52	24385	211	129	0	"cyan"	0	255	255	3.14159265358979	1	1
53	16686	217	53	255	"green"	0	255	0	2.0943951023932	1	1
53	10454	201	61	255	"green"	0	255	0	2.0943951023932	1	1
53	7719	0	247	205	"magenta"	255	0	255	5.23598775598299	1	1
53	21750	255	152	27	"blue"	0	0	255	4.18879020478639	1	1
53	12325	169	0	219	"yellow"	255	255	0	1.0471975511966	1	1
53	9429	176	0	222	"cyan"	0	255	255	3.14159265358979	1	1
53	5758	0	118	211	"red"	255	0	0	0	1	1
53	35389	255	93	211	"cyan"	0	255	255	3.14159265358979	1	1
53	12671	255	158	147	"blue"	0	0	255	4.18879020478639	1	1
53	4773	31	117	255	"red"	255	0	0	0	1	1
53	5327	151	255	131	"yellow"	255	255	0	1.0471975511966	1	1
53	14861	126	255	132	"yellow"	255	255	0	1.0471975511966	1	1
53	10886	0	202	227	"red"	255	0	0	0	1	1
53	8758	0	182	121	"magenta"	255	0	255	5.23598775598299	1	1
53	14853	255	184	120	"blue"	0	0	255	4.18879020478639	1	1
53	9709	0	173	83	"magenta"	255	0	255	5.23598775598299	1	1
53	4702	207	0	216	"green"	0	255	0	2.0943951023932	1	1
53	11493	159	0	178	"green"	0	255	0	2.0943951023932	1	1
53	8981	103	0	104	"cyan"	0	255	255	3.14159265358979	1	1
54	32660	0	183	175	"red"	255	0	0	0	1	1
54	12982	0	151	151	"red"	255	0	0	0	1	1
54	10766	134	116	255	"green"	0	255	0	2.0943951023932	1	1
54	22471	0	153	110	"magenta"	255	0	255	5.23598775598299	1	1
54	35102	131	126	255	"yellow"	255	255	0	1.0471975511966	1	1
54	39789	0	166	97	"magenta"	255	0	255	5.23598775598299	1	1
54	53747	255	103	61	"cyan"	0	255	255	3.14159265358979	1	1
54	23286	162	0	152	"green"	0	255	0	2.0943951023932	1	1
54	20598	255	173	139	"blue"	0	0	255	4.18879020478639	1	1
54	8487	0	143	150	"red"	255	0	0	0	1	1
54	10310	131	117	255	"yellow"	255	255	0	1.0471975511966	1	1
54	13974	144	142	255	"green"	0	255	0	2.0943951023932	1	1
54	38829	131	81	255	"yellow"	255	255	0	1.0471975511966	1	1
54	10478	255	165	150	"blue"	0	0	255	4.18879020478639	1	1
54	10606	0	134	111	"magenta"	255	0	255	5.23598775598299	1	1
54	16494	0	174	173	"red"	255	0	0	0	1	1
54	30349	175	121	0	"blue"	0	0	255	4.18879020478639	1	1
54	8974	145	145	145	"cyan"	0	255	255	3.14159265358979	1	1
54	5855	145	145	145	"cyan"	0	255	255	3.14159265358979	1	1
55	30773	255	148	139	"cyan"	0	255	255	3.14159265358979	1	1
55	7293	244	57	255	"green"	0	255	0	2.0943951023932	1	1
55	8886	60	145	255	"red"	255	0	0	0	1	1
55	15040	13	255	179	"magenta"	255	0	255	5.23598775598299	1	1
55	5342	255	191	158	"blue"	0	0	255	4.18879020478639	1	1
55	8566	255	151	129	"blue"	0	0	255	4.18879020478639	1	1
55	7245	8	151	255	"red"	255	0	0	0	1	1
55	8190	141	141	141	"cyan"	0	255	255	3.14159265358979	1	1
55	14420	0	198	111	"magenta"	255	0	255	5.23598775598299	1	1
55	8096	192	72	255	"green"	0	255	0	2.0943951023932	1	1
55	4390	186	104	255	"green"	0	255	0	2.0943951023932	1	1
55	12333	142	105	255	"yellow"	255	255	0	1.0471975511966	1	1
55	16406	0	170	147	"magenta"	255	0	255	5.23598775598299	1	1
55	11262	73	190	255	"red"	255	0	0	0	1	1
55	9893	255	165	135	"blue"	0	0	255	4.18879020478639	1	1
55	4165	148	104	255	"yellow"	255	255	0	1.0471975511966	1	1
55	4246	142	78	255	"yellow"	255	255	0	1.0471975511966	1	1
55	27180	255	169	209	"cyan"	0	255	255	3.14159265358979	1	1
55	13094	255	148	133	"cyan"	0	255	255	3.14159265358979	1	1
56	35325	45	249	255	"cyan"	0	255	255	3.14159265358979	1	1
56	3391	11	255	254	"cyan"	0	255	255	3.14159265358979	1	1
56	4871	42	255	57	"green"	0	255	0	2.0943951023932	1	1
56	4142	255	220	54	"yellow"	255	255	0	1.0471975511966	1	1
56	4685	255	49	247	"magenta"	255	0	255	5.23598775598299	1	1
56	13439	255	252	52	"yellow"	255	255	0	1.0471975511966	1	1
56	3150	255	17	15	"red"	255	0	0	0	1	1
56	5295	252	7	255	"magenta"	255	0	255	5.23598775598299	1	1
56	5047	251	13	0	"red"	255	0	0	0	1	1
56	3855	239	12	0	"red"	255	0	0	0	1	1
56	5447	255	238	46	"yellow"	255	255	0	1.0471975511966	1	1
56	5861	52	255	244	"cyan"	0	255	255	3.14159265358979	1	1
56	2750	21	15	255	"blue"	0	0	255	4.18879020478639	1	1
56	6353	52	255	40	"green"	0	255	0	2.0943951023932	1	1
56	2720	55	255	41	"green"	0	255	0	2.0943951023932	1	1
56	3076	29	17	255	"blue"	0	0	255	4.18879020478639	1	1
56	4773	255	48	164	"magenta"	255	0	255	5.23598775598299	1	1
56	2566	11	7	255	"blue"	0	0	255	4.18879020478639	1	1
56	7015	69	255	252	"cyan"	0	255	255	3.14159265358979	1	1
57	47864	246	255	166	"blue"	0	0	255	4.18879020478639	1	1
57	3834	182	74	255	"yellow"	255	255	0	1.0471975511966	1	1
57	8609	221	150	255	"cyan"	0	255	255	3.14159265358979	1	1
57	8110	237	191	255	"blue"	0	0	255	4.18879020478639	1	1
57	4834	78	255	129	"magenta"	255	0	255	5.23598775598299	1	1
57	4229	211	122	255	"green"	0	255	0	2.0943951023932	1	1
57	6839	0	121	95	"magenta"	255	0	255	5.23598775598299	1	1
57	4178	213	105	255	"green"	0	255	0	2.0943951023932	1	1
57	3546	242	143	255	"cyan"	0	255	255	3.14159265358979	1	1
57	6058	204	120	255	"yellow"	255	255	0	1.0471975511966	1	1
57	5330	255	139	255	"cyan"	0	255	255	3.14159265358979	1	1
57	3738	84	201	255	"red"	255	0	0	0	1	1
57	6415	253	178	255	"blue"	0	0	255	4.18879020478639	1	1
57	8378	200	100	255	"yellow"	255	255	0	1.0471975511966	1	1
57	4042	255	129	250	"green"	0	255	0	2.0943951023932	1	1
57	7257	60	199	255	"red"	255	0	0	0	1	1
57	4778	82	216	255	"red"	255	0	0	0	1	1
57	12970	82	146	0	"magenta"	255	0	255	5.23598775598299	1	1
57	5122	218	174	255	"blue"	0	0	255	4.18879020478639	1	1
58	46124	64	193	0	"magenta"	255	0	255	5.23598775598299	1	1
58	9206	255	135	81	"blue"	0	0	255	4.18879020478639	1	1
58	6109	8	143	0	"magenta"	255	0	255	5.23598775598299	1	1
58	5590	0	183	230	"red"	255	0	0	0	1	1
58	11062	255	209	155	"blue"	0	0	255	4.18879020478639	1	1
58	13462	186	142	255	"yellow"	255	255	0	1.0471975511966	1	1
58	8109	202	73	255	"green"	0	255	0	2.0943951023932	1	1
58	14349	0	187	156	"magenta"	255	0	255	5.23598775598299	1	1
58	6230	153	118	255	"yellow"	255	255	0	1.0471975511966	1	1
58	5374	27	185	255	"red"	255	0	0	0	1	1
58	10702	152	118	255	"yellow"	255	255	0	1.0471975511966	1	1
58	13437	181	181	255	"cyan"	0	255	255	3.14159265358979	1	1
58	6182	255	120	163	"cyan"	0	255	255	3.14159265358979	1	1
58	4134	203	40	255	"green"	0	255	0	2.0943951023932	1	1
58	8646	255	157	130	"blue"	0	0	255	4.18879020478639	1	1
58	5373	89	199	255	"red"	255	0	0	0	1	1
58	4310	192	122	255	"green"	0	255	0	2.0943951023932	1	1
58	8982	199	157	255	"cyan"	0	255	255	3.14159265358979	1	1
58	14470	0	173	135	"magenta"	255	0	255	5.23598775598299	1	1
59	28260	41	254	255	"red"	255	0	0	0	1	1
59	24077	131	0	182	"green"	0	255	0	2.0943951023932	1	1
59	28812	0	209	74	"magenta"	255	0	255	5.23598775598299	1	1
59	9630	145	0	216	"green"	0	255	0	2.0943951023932	1	1
59	7165	116	0	210	"yellow"	255	255	0	1.0471975511966	1	1
59	6751	0	153	95	"magenta"	255	0	255	5.23598775598299	1	1
59	10029	119	0	185	"yellow"	255	255	0	1.0471975511966	1	1
59	12670	255	158	114	"blue"	0	0	255	4.18879020478639	1	1
59	9286	135	0	153	"green"	0	255	0	2.0943951023932	1	1
59	8310	255	120	118	"blue"	0	0	255	4.18879020478639	1	1
59	10062	255	141	110	"blue"	0	0	255	4.18879020478639	1	1
59	13541	54	210	255	"red"	255	0	0	0	1	1
59	16438	3	255	147	"magenta"	255	0	255	5.23598775598299	1	1
59	11517	108	0	185	"yellow"	255	255	0	1.0471975511966	1	1
59	17918	105	0	90	"cyan"	0	255	255	3.14159265358979	1	1
59	23061	114	0	91	"cyan"	0	255	255	3.14159265358979	1	1
59	8765	0	168	169	"red"	255	0	0	0	1	1
59	11453	0	205	244	"red"	255	0	0	0	1	1
59	12821	39	0	40	"cyan"	0	255	255	3.14159265358979	1	1
60	41956	175	135	255	"yellow"	255	255	0	1.0471975511966	1	1
60	8489	147	118	255	"yellow"	255	255	0	1.0471975511966	1	1
60	3882	157	53	255	"green"	0	255	0	2.0943951023932	1	1
60	6546	100	204	255	"red"	255	0	0	0	1	1
60	10226	101	93	255	"yellow"	255	255	0	1.0471975511966	1	1
60	14081	255	135	136	"cyan"	0	255	255	3.14159265358979	1	1
60	7121	72	255	171	"magenta"	255	0	255	5.23598775598299	1	1
60	27457	255	113	100	"cyan"	0	255	255	3.14159265358979	1	1
60	8801	62	255	147	"magenta"	255	0	255	5.23598775598299	1	1
60	7290	255	163	139	"blue"	0	0	255	4.18879020478639	1	1
60	4314	82	255	240	"red"	255	0	0	0	1	1
60	3963	49	179	255	"red"	255	0	0	0	1	1
60	6106	255	211	202	"blue"	0	0	255	4.18879020478639	1	1
60	2626	165	125	255	"green"	0	255	0	2.0943951023932	1	1
60	4936	101	255	188	"magenta"	255	0	255	5.23598775598299	1	1
60	2946	147	125	255	"green"	0	255	0	2.0943951023932	1	1
60	3147	121	112	255	"yellow"	255	255	0	1.0471975511966	1	1
60	20977	255	139	159	"cyan"	0	255	255	3.14159265358979	1	1
60	8554	255	167	182	"blue"	0	0	255	4.18879020478639	1	1
61	7419	33	157	255	"red"	255	0	0	0	1	1
61	7522	255	178	116	"blue"	0	0	255	4.18879020478639	1	1
61	19521	166	35	255	"green"	0	255	0	2.0943951023932	1	1
61	5634	146	93	255	"yellow"	255	255	0	1.0471975511966	1	1
61	31616	101	0	86	"cyan"	0	255	255	3.14159265358979	1	1
61	12858	0	250	161	"magenta"	255	0	255	5.23598775598299	1	1
61	9453	255	149	102	"blue"	0	0	255	4.18879020478639	1	1
61	7065	159	84	255	"yellow"	255	255	0	1.0471975511966	1	1
61	24489	0	191	121	"magenta"	255	0	255	5.23598775598299	1	1
61	8666	210	66	255	"green"	0	255	0	2.0943951023932	1	1
61	11633	153	15	255	"yellow"	255	255	0	1.0471975511966	1	1
61	4834	24	172	255	"red"	255	0	0	0	1	1
61	8986	73	255	211	"magenta"	255	0	255	5.23598775598299	1	1
61	11413	140	57	255	"green"	0	255	0	2.0943951023932	1	1
61	8242	62	164	255	"red"	255	0	0	0	1	1
61	9762	255	173	124	"blue"	0	0	255	4.18879020478639	1	1
61	10458	255	177	139	"blue"	0	0	255	4.18879020478639	1	1
61	20290	255	134	193	"cyan"	0	255	255	3.14159265358979	1	1
61	4907	255	135	145	"cyan"	0	255	255	3.14159265358979	1	1
62	17190	255	183	235	"yellow"	255	255	0	1.0471975511966	1	1
62	4590	130	0	154	"green"	0	255	0	2.0943951023932	1	1
62	10358	0	149	107	"magenta"	255	0	255	5.23598775598299	1	1
62	7246	239	119	0	"blue"	0	0	255	4.18879020478639	1	1
62	4583	211	52	255	"cyan"	0	255	255	3.14159265358979	1	1
62	8614	255	146	217	"yellow"	255	255	0	1.0471975511966	1	1
62	3822	189	130	255	"yellow"	255	255	0	1.0471975511966	1	1
62	8054	94	138	255	"red"	255	0	0	0	1	1
62	3575	203	104	255	"green"	0	255	0	2.0943951023932	1	1
62	7663	28	68	0	"magenta"	255	0	255	5.23598775598299	1	1
62	4382	108	202	255	"red"	255	0	0	0	1	1
62	7518	88	255	146	"magenta"	255	0	255	5.23598775598299	1	1
62	8917	149	97	255	"green"	0	255	0	2.0943951023932	1	1
62	4862	255	129	247	"blue"	0	0	255	4.18879020478639	1	1
62	8084	184	48	255	"cyan"	0	255	255	3.14159265358979	1	1
62	3014	255	131	129	"blue"	0	0	255	4.18879020478639	1	1
62	5542	138	29	255	"yellow"	255	255	0	1.0471975511966	1	1
62	8830	255	134	217	"cyan"	0	255	255	3.14159265358979	1	1
62	3239	0	117	220	"red"	255	0	0	0	1	1
63	11486	159	104	0	"blue"	0	0	255	4.18879020478639	1	1
63	4254	0	172	227	"red"	255	0	0	0	1	1
63	4494	7	255	157	"magenta"	255	0	255	5.23598775598299	1	1
63	18846	74	55	0	"cyan"	0	255	255	3.14159265358979	1	1
63	11102	0	183	92	"magenta"	255	0	255	5.23598775598299	1	1
63	9022	149	23	255	"yellow"	255	255	0	1.0471975511966	1	1
63	8781	122	0	145	"green"	0	255	0	2.0943951023932	1	1
63	5670	0	171	243	"red"	255	0	0	0	1	1
63	2983	20	156	255	"red"	255	0	0	0	1	1
63	10933	183	119	0	"blue"	0	0	255	4.18879020478639	1	1
63	6998	179	0	213	"green"	0	255	0	2.0943951023932	1	1
63	4198	106	255	156	"magenta"	255	0	255	5.23598775598299	1	1
63	6068	171	3	255	"green"	0	255	0	2.0943951023932	1	1
63	5254	157	25	255	"yellow"	255	255	0	1.0471975511966	1	1
63	8622	158	72	255	"yellow"	255	255	0	1.0471975511966	1	1
63	14813	255	149	139	"blue"	0	0	255	4.18879020478639	1	1
63	5140	255	174	170	"blue"	0	0	255	4.18879020478639	1	1
63	13101	255	118	82	"cyan"	0	255	255	3.14159265358979	1	1
63	6997	255	131	132	"cyan"	0	255	255	3.14159265358979	1	1
64	39109	210	178	255	"cyan"	0	255	255	3.14159265358979	1	1
64	8390	78	255	140	"magenta"	255	0	255	5.23598775598299	1	1
64	7351	146	45	255	"yellow"	255	255	0	1.0471975511966	1	1
64	4639	90	169	255	"red"	255	0	0	0	1	1
64	4311	98	255	165	"magenta"	255	0	255	5.23598775598299	1	1
64	4999	133	210	255	"red"	255	0	0	0	1	1
64	3887	160	124	255	"green"	0	255	0	2.0943951023932	1	1
64	5159	149	17	255	"yellow"	255	255	0	1.0471975511966	1	1
64	5455	120	255	190	"magenta"	255	0	255	5.23598775598299	1	1
64	8702	166	80	255	"green"	0	255	0	2.0943951023932	1	1
64	4934	255	203	178	"blue"	0	0	255	4.18879020478639	1	1
64	12342	175	28	255	"cyan"	0	255	255	3.14159265358979	1	1
64	7887	179	46	255	"yellow"	255	255	0	1.0471975511966	1	1
64	4135	106	185	255	"red"	255	0	0	0	1	1
64	5995	255	198	170	"blue"	0	0	255	4.18879020478639	1	1
64	10110	203	28	255	"green"	0	255	0	2.0943951023932	1	1
64	8438	255	207	211	"blue"	0	0	255	4.18879020478639	1	1
64	19846	114	1	0	"cyan"	0	255	255	3.14159265358979	1	1
64	5703	105	0	36	"cyan"	0	255	255	3.14159265358979	1	1
65	66972	255	9	190	"green"	0	255	0	2.0943951023932	1	1
65	4894	165	70	255	"green"	0	255	0	2.0943951023932	1	1
65	7455	0	177	130	"magenta"	255	0	255	5.23598775598299	1	1
65	13614	255	137	121	"blue"	0	0	255	4.18879020478639	1	1
65	3886	255	153	150	"blue"	0	0	255	4.18879020478639	1	1
65	4382	179	112	255	"yellow"	255	255	0	1.0471975511966	1	1
65	5726	101	100	255	"red"	255	0	0	0	1	1
65	6006	74	255	187	"magenta"	255	0	255	5.23598775598299	1	1
65	6150	139	54	255	"yellow"	255	255	0	1.0471975511966	1	1
65	4702	142	80	255	"yellow"	255	255	0	1.0471975511966	1	1
65	7638	255	149	131	"blue"	0	0	255	4.18879020478639	1	1
65	9205	0	157	252	"red"	255	0	0	0	1	1
65	6014	94	126	255	"red"	255	0	0	0	1	1
65	6182	184	141	255	"green"	0	255	0	2.0943951023932	1	1
65	4597	197	114	255	"green"	0	255	0	2.0943951023932	1	1
65	5568	211	85	255	"cyan"	0	255	255	3.14159265358979	1	1
65	6223	224	166	255	"cyan"	0	255	255	3.14159265358979	1	1
65	4501	238	159	255	"magenta"	255	0	255	5.23598775598299	1	1
65	6670	255	159	193	"cyan"	0	255	255	3.14159265358979	1	1
66	12061	146	146	146	"cyan"	0	255	255	3.14159265358979	1	1
66	6991	154	0	15	"cyan"	0	255	255	3.14159265358979	1	1
66	3775	0	105	122	"red"	255	0	0	0	1	1
66	6695	255	224	101	"blue"	0	0	255	4.18879020478639	1	1
66	2759	56	255	149	"magenta"	255	0	255	5.23598775598299	1	1
66	4878	31	193	255	"red"	255	0	0	0	1	1
66	5510	90	0	205	"yellow"	255	255	0	1.0471975511966	1	1
66	6247	53	53	53	"cyan"	0	255	255	3.14159265358979	1	1
66	7190	255	168	17	"blue"	0	0	255	4.18879020478639	1	1
66	9509	126	193	255	"red"	255	0	0	0	1	1
66	13014	255	229	117	"blue"	0	0	255	4.18879020478639	1	1
66	13478	98	255	135	"magenta"	255	0	255	5.23598775598299	1	1
66	5926	170	110	255	"green"	0	255	0	2.0943951023932	1	1
66	8775	0	187	86	"magenta"	255	0	255	5.23598775598299	1	1
66	7984	132	54	255	"yellow"	255	255	0	1.0471975511966	1	1
66	4527	157	61	255	"yellow"	255	255	0	1.0471975511966	1	1
66	8159	172	32	255	"green"	0	255	0	2.0943951023932	1	1
66	7526	97	0	158	"green"	0	255	0	2.0943951023932	1	1
66	6703	186	27	255	"cyan"	0	255	255	3.14159265358979	1	1
67	21533	255	174	153	"blue"	0	0	255	4.18879020478639	1	1
67	15061	140	0	173	"yellow"	255	255	0	1.0471975511966	1	1
67	12749	255	134	124	"blue"	0	0	255	4.18879020478639	1	1
67	3621	62	184	255	"red"	255	0	0	0	1	1
67	6142	0	183	94	"magenta"	255	0	255	5.23598775598299	1	1
67	8727	16	255	158	"magenta"	255	0	255	5.23598775598299	1	1
67	6742	153	0	167	"green"	0	255	0	2.0943951023932	1	1
67	6200	99	98	255	"red"	255	0	0	0	1	1
67	2238	145	42	255	"green"	0	255	0	2.0943951023932	1	1
67	4452	255	219	223	"blue"	0	0	255	4.18879020478639	1	1
67	12886	255	102	89	"cyan"	0	255	255	3.14159265358979	1	1
67	8070	0	188	202	"red"	255	0	0	0	1	1
67	4287	137	121	255	"yellow"	255	255	0	1.0471975511966	1	1
67	3878	163	49	255	"green"	0	255	0	2.0943951023932	1	1
67	6022	0	207	119	"magenta"	255	0	255	5.23598775598299	1	1
67	4678	156	106	255	"yellow"	255	255	0	1.0471975511966	1	1
67	1590	255	174	165	"blue"	0	0	255	4.18879020478639	1	1
67	4533	200	129	255	"cyan"	0	255	255	3.14159265358979	1	1
67	20597	255	104	163	"cyan"	0	255	255	3.14159265358979	1	1
68	8747	0	235	250	"red"	255	0	0	0	1	1
68	3165	65	255	17	"magenta"	255	0	255	5.23598775598299	1	1
68	16334	223	223	223	"cyan"	0	255	255	3.14159265358979	1	1
68	17574	167	110	255	"green"	0	255	0	2.0943951023932	1	1
68	8494	186	116	255	"green"	0	255	0	2.0943951023932	1	1
68	15230	255	122	97	"blue"	0	0	255	4.18879020478639	1	1
68	9502	181	116	255	"green"	0	255	0	2.0943951023932	1	1
68	11686	255	182	150	"blue"	0	0	255	4.18879020478639	1	1
68	13037	181	197	255	"red"	255	0	0	0	1	1
68	14086	181	199	255	"yellow"	255	255	0	1.0471975511966	1	1
68	27518	157	255	217	"magenta"	255	0	255	5.23598775598299	1	1
68	9182	170	116	255	"yellow"	255	255	0	1.0471975511966	1	1
68	10294	125	133	255	"red"	255	0	0	0	1	1
68	16702	145	145	145	"cyan"	0	255	255	3.14159265358979	1	1
68	11174	167	149	255	"yellow"	255	255	0	1.0471975511966	1	1
68	29702	46	255	166	"magenta"	255	0	255	5.23598775598299	1	1
68	14965	145	145	145	"blue"	0	0	255	4.18879020478639	1	1
68	13102	121	142	255	"red"	255	0	0	0	1	1
68	15966	134	134	134	"cyan"	0	255	255	3.14159265358979	1	1
69	6917	122	255	141	"magenta"	255	0	255	5.23598775598299	1	1
69	7870	110	46	255	"yellow"	255	255	0	1.0471975511966	1	1
69	4262	84	128	255	"red"	255	0	0	0	1	1
69	3494	255	165	162	"blue"	0	0	255	4.18879020478639	1	1
69	8798	255	124	156	"cyan"	0	255	255	3.14159265358979	1	1
69	16045	255	178	182	"blue"	0	0	255	4.18879020478639	1	1
69	5462	173	118	255	"yellow"	255	255	0	1.0471975511966	1	1
69	10212	135	110	255	"yellow"	255	255	0	1.0471975511966	1	1
69	19429	200	146	255	"cyan"	0	255	255	3.14159265358979	1	1
69	4870	255	152	151	"blue"	0	0	255	4.18879020478639	1	1
69	5406	242	105	255	"green"	0	255	0	2.0943951023932	1	1
69	4750	255	82	250	"green"	0	255	0	2.0943951023932	1	1
69	4486	108	149	255	"red"	255	0	0	0	1	1
69	3838	158	139	255	"green"	0	255	0	2.0943951023932	1	1
69	4230	109	255	191	"magenta"	255	0	255	5.23598775598299	1	1
69	4894	101	155	255	"red"	255	0	0	0	1	1
69	8462	106	214	255	"magenta"	255	0	255	5.23598775598299	1	1
69	8806	255	151	189	"cyan"	0	255	255	3.14159265358979	1	1
69	19718	255	130	133	"cyan"	0	255	255	3.14159265358979	1	1
